source_verse	mapping	missing_verse	IRVBen	018040025
source_verse	mapping	missing_verse	IRVBen	018040026
source_verse	mapping	missing_verse	IRVBen	018040027
source_verse	mapping	missing_verse	IRVBen	018040028
source_verse	mapping	missing_verse	IRVBen	018040029
source_verse	mapping	missing_verse	IRVBen	018040030
source_verse	mapping	missing_verse	IRVBen	018040031
source_verse	mapping	missing_verse	IRVBen	018040032
source_verse	mapping	missing_verse	IRVBen	018041001
source_verse	mapping	missing_verse	IRVBen	018041002
source_verse	mapping	missing_verse	IRVBen	018041003
source_verse	mapping	missing_verse	IRVBen	018041004
source_verse	mapping	missing_verse	IRVBen	018041005
source_verse	mapping	missing_verse	IRVBen	018041006
source_verse	mapping	missing_verse	IRVBen	018041007
source_verse	mapping	missing_verse	IRVBen	018041008
source_verse	mapping	missing_verse	IRVBen	018041009
source_verse	mapping	missing_verse	IRVBen	018041010
source_verse	mapping	missing_verse	IRVBen	018041011
source_verse	mapping	missing_verse	IRVBen	018041012
source_verse	mapping	missing_verse	IRVBen	018041013
source_verse	mapping	missing_verse	IRVBen	018041014
source_verse	mapping	missing_verse	IRVBen	018041015
source_verse	mapping	missing_verse	IRVBen	018041016
source_verse	mapping	missing_verse	IRVBen	018041017
source_verse	mapping	missing_verse	IRVBen	018041018
source_verse	mapping	missing_verse	IRVBen	018041019
source_verse	mapping	missing_verse	IRVBen	018041020
source_verse	mapping	missing_verse	IRVBen	018041021
source_verse	mapping	missing_verse	IRVBen	018041022
source_verse	mapping	missing_verse	IRVBen	018041023
source_verse	mapping	missing_verse	IRVBen	018041024
source_verse	mapping	missing_verse	IRVBen	018041025
source_verse	mapping	missing_verse	IRVBen	018041026
source_verse	mapping	missing_verse	IRVBen	019003001
source_verse	mapping	missing_verse	IRVBen	019003002
source_verse	mapping	missing_verse	IRVBen	019003003
source_verse	mapping	missing_verse	IRVBen	019003004
source_verse	mapping	missing_verse	IRVBen	019003005
source_verse	mapping	missing_verse	IRVBen	019003006
source_verse	mapping	missing_verse	IRVBen	019003007
source_verse	mapping	missing_verse	IRVBen	019003008
source_verse	mapping	missing_verse	IRVBen	019003009
source_verse	mapping	missing_verse	IRVBen	019004001
source_verse	mapping	missing_verse	IRVBen	019004002
source_verse	mapping	missing_verse	IRVBen	019004003
source_verse	mapping	missing_verse	IRVBen	019004004
source_verse	mapping	missing_verse	IRVBen	019004005
source_verse	mapping	missing_verse	IRVBen	019004006
source_verse	mapping	missing_verse	IRVBen	019004007
source_verse	mapping	missing_verse	IRVBen	019004008
source_verse	mapping	missing_verse	IRVBen	019004009
source_verse	mapping	missing_verse	IRVBen	019005001
source_verse	mapping	missing_verse	IRVBen	019005002
source_verse	mapping	missing_verse	IRVBen	019005003
source_verse	mapping	missing_verse	IRVBen	019005004
source_verse	mapping	missing_verse	IRVBen	019005005
source_verse	mapping	missing_verse	IRVBen	019005006
source_verse	mapping	missing_verse	IRVBen	019005007
source_verse	mapping	missing_verse	IRVBen	019005008
source_verse	mapping	missing_verse	IRVBen	019005009
source_verse	mapping	missing_verse	IRVBen	019005010
source_verse	mapping	missing_verse	IRVBen	019005011
source_verse	mapping	missing_verse	IRVBen	019005012
source_verse	mapping	missing_verse	IRVBen	019005013
source_verse	mapping	missing_verse	IRVBen	019006001
source_verse	mapping	missing_verse	IRVBen	019006002
source_verse	mapping	missing_verse	IRVBen	019006003
source_verse	mapping	missing_verse	IRVBen	019006004
source_verse	mapping	missing_verse	IRVBen	019006005
source_verse	mapping	missing_verse	IRVBen	019006006
source_verse	mapping	missing_verse	IRVBen	019006007
source_verse	mapping	missing_verse	IRVBen	019006008
source_verse	mapping	missing_verse	IRVBen	019006009
source_verse	mapping	missing_verse	IRVBen	019006010
source_verse	mapping	missing_verse	IRVBen	019006011
source_verse	mapping	missing_verse	IRVBen	019007001
source_verse	mapping	missing_verse	IRVBen	019007002
source_verse	mapping	missing_verse	IRVBen	019007003
source_verse	mapping	missing_verse	IRVBen	019007004
source_verse	mapping	missing_verse	IRVBen	019007005
source_verse	mapping	missing_verse	IRVBen	019007006
source_verse	mapping	missing_verse	IRVBen	019007007
source_verse	mapping	missing_verse	IRVBen	019007008
source_verse	mapping	missing_verse	IRVBen	019007009
source_verse	mapping	missing_verse	IRVBen	019007010
source_verse	mapping	missing_verse	IRVBen	019007011
source_verse	mapping	missing_verse	IRVBen	019007012
source_verse	mapping	missing_verse	IRVBen	019007013
source_verse	mapping	missing_verse	IRVBen	019007014
source_verse	mapping	missing_verse	IRVBen	019007015
source_verse	mapping	missing_verse	IRVBen	019007016
source_verse	mapping	missing_verse	IRVBen	019007017
source_verse	mapping	missing_verse	IRVBen	019007018
source_verse	mapping	missing_verse	IRVBen	019008001
source_verse	mapping	missing_verse	IRVBen	019008002
source_verse	mapping	missing_verse	IRVBen	019008003
source_verse	mapping	missing_verse	IRVBen	019008004
source_verse	mapping	missing_verse	IRVBen	019008005
source_verse	mapping	missing_verse	IRVBen	019008006
source_verse	mapping	missing_verse	IRVBen	019008007
source_verse	mapping	missing_verse	IRVBen	019008008
source_verse	mapping	missing_verse	IRVBen	019008009
source_verse	mapping	missing_verse	IRVBen	019008010
source_verse	mapping	missing_verse	IRVBen	019009001
source_verse	mapping	missing_verse	IRVBen	019009002
source_verse	mapping	missing_verse	IRVBen	019009003
source_verse	mapping	missing_verse	IRVBen	019009004
source_verse	mapping	missing_verse	IRVBen	019009005
source_verse	mapping	missing_verse	IRVBen	019009006
source_verse	mapping	missing_verse	IRVBen	019009007
source_verse	mapping	missing_verse	IRVBen	019009008
source_verse	mapping	missing_verse	IRVBen	019009009
source_verse	mapping	missing_verse	IRVBen	019009010
source_verse	mapping	missing_verse	IRVBen	019009011
source_verse	mapping	missing_verse	IRVBen	019009012
source_verse	mapping	missing_verse	IRVBen	019009013
source_verse	mapping	missing_verse	IRVBen	019009014
source_verse	mapping	missing_verse	IRVBen	019009015
source_verse	mapping	missing_verse	IRVBen	019009016
source_verse	mapping	missing_verse	IRVBen	019009017
source_verse	mapping	missing_verse	IRVBen	019009018
source_verse	mapping	missing_verse	IRVBen	019009019
source_verse	mapping	missing_verse	IRVBen	019009020
source_verse	mapping	missing_verse	IRVBen	019009021
source_verse	mapping	missing_verse	IRVBen	019011001
source_verse	mapping	missing_verse	IRVBen	019012001
source_verse	mapping	missing_verse	IRVBen	019012002
source_verse	mapping	missing_verse	IRVBen	019012003
source_verse	mapping	missing_verse	IRVBen	019012004
source_verse	mapping	missing_verse	IRVBen	019012005
source_verse	mapping	missing_verse	IRVBen	019012006
source_verse	mapping	missing_verse	IRVBen	019012007
source_verse	mapping	missing_verse	IRVBen	019012008
source_verse	mapping	missing_verse	IRVBen	019012009
source_verse	mapping	missing_verse	IRVBen	019013001
source_verse	mapping	missing_verse	IRVBen	019013002
source_verse	mapping	missing_verse	IRVBen	019013003
source_verse	mapping	missing_verse	IRVBen	019013004
source_verse	mapping	missing_verse	IRVBen	019013005
source_verse	mapping	missing_verse	IRVBen	019013006
source_verse	mapping	missing_verse	IRVBen	019014001
source_verse	mapping	missing_verse	IRVBen	019015001
source_verse	mapping	missing_verse	IRVBen	019016001
source_verse	mapping	missing_verse	IRVBen	019017001
source_verse	mapping	missing_verse	IRVBen	019018001
source_verse	mapping	missing_verse	IRVBen	019018002
source_verse	mapping	missing_verse	IRVBen	019018003
source_verse	mapping	missing_verse	IRVBen	019018004
source_verse	mapping	missing_verse	IRVBen	019018005
source_verse	mapping	missing_verse	IRVBen	019018006
source_verse	mapping	missing_verse	IRVBen	019018007
source_verse	mapping	missing_verse	IRVBen	019018008
source_verse	mapping	missing_verse	IRVBen	019018009
source_verse	mapping	missing_verse	IRVBen	019018010
source_verse	mapping	missing_verse	IRVBen	019018011
source_verse	mapping	missing_verse	IRVBen	019018012
source_verse	mapping	missing_verse	IRVBen	019018013
source_verse	mapping	missing_verse	IRVBen	019018014
source_verse	mapping	missing_verse	IRVBen	019018015
source_verse	mapping	missing_verse	IRVBen	019018016
source_verse	mapping	missing_verse	IRVBen	019018017
source_verse	mapping	missing_verse	IRVBen	019018018
source_verse	mapping	missing_verse	IRVBen	019018019
source_verse	mapping	missing_verse	IRVBen	019018020
source_verse	mapping	missing_verse	IRVBen	019018021
source_verse	mapping	missing_verse	IRVBen	019018022
source_verse	mapping	missing_verse	IRVBen	019018023
source_verse	mapping	missing_verse	IRVBen	019018024
source_verse	mapping	missing_verse	IRVBen	019018025
source_verse	mapping	missing_verse	IRVBen	019018026
source_verse	mapping	missing_verse	IRVBen	019018027
source_verse	mapping	missing_verse	IRVBen	019018028
source_verse	mapping	missing_verse	IRVBen	019018029
source_verse	mapping	missing_verse	IRVBen	019018030
source_verse	mapping	missing_verse	IRVBen	019018031
source_verse	mapping	missing_verse	IRVBen	019018032
source_verse	mapping	missing_verse	IRVBen	019018033
source_verse	mapping	missing_verse	IRVBen	019018034
source_verse	mapping	missing_verse	IRVBen	019018035
source_verse	mapping	missing_verse	IRVBen	019018036
source_verse	mapping	missing_verse	IRVBen	019018037
source_verse	mapping	missing_verse	IRVBen	019018038
source_verse	mapping	missing_verse	IRVBen	019018039
source_verse	mapping	missing_verse	IRVBen	019018040
source_verse	mapping	missing_verse	IRVBen	019018041
source_verse	mapping	missing_verse	IRVBen	019018042
source_verse	mapping	missing_verse	IRVBen	019018043
source_verse	mapping	missing_verse	IRVBen	019018044
source_verse	mapping	missing_verse	IRVBen	019018045
source_verse	mapping	missing_verse	IRVBen	019018046
source_verse	mapping	missing_verse	IRVBen	019018047
source_verse	mapping	missing_verse	IRVBen	019018048
source_verse	mapping	missing_verse	IRVBen	019018049
source_verse	mapping	missing_verse	IRVBen	019018050
source_verse	mapping	missing_verse	IRVBen	019018051
source_verse	mapping	missing_verse	IRVBen	019019001
source_verse	mapping	missing_verse	IRVBen	019019002
source_verse	mapping	missing_verse	IRVBen	019019003
source_verse	mapping	missing_verse	IRVBen	019019004
source_verse	mapping	missing_verse	IRVBen	019019005
source_verse	mapping	missing_verse	IRVBen	019019006
source_verse	mapping	missing_verse	IRVBen	019019007
source_verse	mapping	missing_verse	IRVBen	019019008
source_verse	mapping	missing_verse	IRVBen	019019009
source_verse	mapping	missing_verse	IRVBen	019019010
source_verse	mapping	missing_verse	IRVBen	019019011
source_verse	mapping	missing_verse	IRVBen	019019012
source_verse	mapping	missing_verse	IRVBen	019019013
source_verse	mapping	missing_verse	IRVBen	019019014
source_verse	mapping	missing_verse	IRVBen	019019015
source_verse	mapping	missing_verse	IRVBen	019020001
source_verse	mapping	missing_verse	IRVBen	019020002
source_verse	mapping	missing_verse	IRVBen	019020003
source_verse	mapping	missing_verse	IRVBen	019020004
source_verse	mapping	missing_verse	IRVBen	019020005
source_verse	mapping	missing_verse	IRVBen	019020006
source_verse	mapping	missing_verse	IRVBen	019020007
source_verse	mapping	missing_verse	IRVBen	019020008
source_verse	mapping	missing_verse	IRVBen	019020009
source_verse	mapping	missing_verse	IRVBen	019020010
source_verse	mapping	missing_verse	IRVBen	019021001
source_verse	mapping	missing_verse	IRVBen	019021002
source_verse	mapping	missing_verse	IRVBen	019021003
source_verse	mapping	missing_verse	IRVBen	019021004
source_verse	mapping	missing_verse	IRVBen	019021005
source_verse	mapping	missing_verse	IRVBen	019021006
source_verse	mapping	missing_verse	IRVBen	019021007
source_verse	mapping	missing_verse	IRVBen	019021008
source_verse	mapping	missing_verse	IRVBen	019021009
source_verse	mapping	missing_verse	IRVBen	019021010
source_verse	mapping	missing_verse	IRVBen	019021011
source_verse	mapping	missing_verse	IRVBen	019021012
source_verse	mapping	missing_verse	IRVBen	019021013
source_verse	mapping	missing_verse	IRVBen	019021014
source_verse	mapping	missing_verse	IRVBen	019022001
source_verse	mapping	missing_verse	IRVBen	019022002
source_verse	mapping	missing_verse	IRVBen	019022003
source_verse	mapping	missing_verse	IRVBen	019022004
source_verse	mapping	missing_verse	IRVBen	019022005
source_verse	mapping	missing_verse	IRVBen	019022006
source_verse	mapping	missing_verse	IRVBen	019022007
source_verse	mapping	missing_verse	IRVBen	019022008
source_verse	mapping	missing_verse	IRVBen	019022009
source_verse	mapping	missing_verse	IRVBen	019022010
source_verse	mapping	missing_verse	IRVBen	019022011
source_verse	mapping	missing_verse	IRVBen	019022012
source_verse	mapping	missing_verse	IRVBen	019022013
source_verse	mapping	missing_verse	IRVBen	019022014
source_verse	mapping	missing_verse	IRVBen	019022015
source_verse	mapping	missing_verse	IRVBen	019022016
source_verse	mapping	missing_verse	IRVBen	019022017
source_verse	mapping	missing_verse	IRVBen	019022018
source_verse	mapping	missing_verse	IRVBen	019022019
source_verse	mapping	missing_verse	IRVBen	019022020
source_verse	mapping	missing_verse	IRVBen	019022021
source_verse	mapping	missing_verse	IRVBen	019022022
source_verse	mapping	missing_verse	IRVBen	019022023
source_verse	mapping	missing_verse	IRVBen	019022024
source_verse	mapping	missing_verse	IRVBen	019022025
source_verse	mapping	missing_verse	IRVBen	019022026
source_verse	mapping	missing_verse	IRVBen	019022027
source_verse	mapping	missing_verse	IRVBen	019022028
source_verse	mapping	missing_verse	IRVBen	019022029
source_verse	mapping	missing_verse	IRVBen	019022030
source_verse	mapping	missing_verse	IRVBen	019022031
source_verse	mapping	missing_verse	IRVBen	019022032
source_verse	mapping	missing_verse	IRVBen	019023001
source_verse	mapping	missing_verse	IRVBen	019024001
source_verse	mapping	missing_verse	IRVBen	019025001
source_verse	mapping	missing_verse	IRVBen	019026001
source_verse	mapping	missing_verse	IRVBen	019027001
source_verse	mapping	missing_verse	IRVBen	019028001
source_verse	mapping	missing_verse	IRVBen	019029001
source_verse	mapping	missing_verse	IRVBen	019030001
source_verse	mapping	missing_verse	IRVBen	019030002
source_verse	mapping	missing_verse	IRVBen	019030003
source_verse	mapping	missing_verse	IRVBen	019030004
source_verse	mapping	missing_verse	IRVBen	019030005
source_verse	mapping	missing_verse	IRVBen	019030006
source_verse	mapping	missing_verse	IRVBen	019030007
source_verse	mapping	missing_verse	IRVBen	019030008
source_verse	mapping	missing_verse	IRVBen	019030009
source_verse	mapping	missing_verse	IRVBen	019030010
source_verse	mapping	missing_verse	IRVBen	019030011
source_verse	mapping	missing_verse	IRVBen	019030012
source_verse	mapping	missing_verse	IRVBen	019030013
source_verse	mapping	missing_verse	IRVBen	019031001
source_verse	mapping	missing_verse	IRVBen	019031002
source_verse	mapping	missing_verse	IRVBen	019031003
source_verse	mapping	missing_verse	IRVBen	019031004
source_verse	mapping	missing_verse	IRVBen	019031005
source_verse	mapping	missing_verse	IRVBen	019031006
source_verse	mapping	missing_verse	IRVBen	019031007
source_verse	mapping	missing_verse	IRVBen	019031008
source_verse	mapping	missing_verse	IRVBen	019031009
source_verse	mapping	missing_verse	IRVBen	019031010
source_verse	mapping	missing_verse	IRVBen	019031011
source_verse	mapping	missing_verse	IRVBen	019031012
source_verse	mapping	missing_verse	IRVBen	019031013
source_verse	mapping	missing_verse	IRVBen	019031014
source_verse	mapping	missing_verse	IRVBen	019031015
source_verse	mapping	missing_verse	IRVBen	019031016
source_verse	mapping	missing_verse	IRVBen	019031017
source_verse	mapping	missing_verse	IRVBen	019031018
source_verse	mapping	missing_verse	IRVBen	019031019
source_verse	mapping	missing_verse	IRVBen	019031020
source_verse	mapping	missing_verse	IRVBen	019031021
source_verse	mapping	missing_verse	IRVBen	019031022
source_verse	mapping	missing_verse	IRVBen	019031023
source_verse	mapping	missing_verse	IRVBen	019031024
source_verse	mapping	missing_verse	IRVBen	019031025
source_verse	mapping	missing_verse	IRVBen	019032001
source_verse	mapping	missing_verse	IRVBen	019034001
source_verse	mapping	missing_verse	IRVBen	019034002
source_verse	mapping	missing_verse	IRVBen	019034003
source_verse	mapping	missing_verse	IRVBen	019034004
source_verse	mapping	missing_verse	IRVBen	019034005
source_verse	mapping	missing_verse	IRVBen	019034006
source_verse	mapping	missing_verse	IRVBen	019034007
source_verse	mapping	missing_verse	IRVBen	019034008
source_verse	mapping	missing_verse	IRVBen	019034009
source_verse	mapping	missing_verse	IRVBen	019034010
source_verse	mapping	missing_verse	IRVBen	019034011
source_verse	mapping	missing_verse	IRVBen	019034012
source_verse	mapping	missing_verse	IRVBen	019034013
source_verse	mapping	missing_verse	IRVBen	019034014
source_verse	mapping	missing_verse	IRVBen	019034015
source_verse	mapping	missing_verse	IRVBen	019034016
source_verse	mapping	missing_verse	IRVBen	019034017
source_verse	mapping	missing_verse	IRVBen	019034018
source_verse	mapping	missing_verse	IRVBen	019034019
source_verse	mapping	missing_verse	IRVBen	019034020
source_verse	mapping	missing_verse	IRVBen	019034021
source_verse	mapping	missing_verse	IRVBen	019034022
source_verse	mapping	missing_verse	IRVBen	019034023
source_verse	mapping	missing_verse	IRVBen	019035001
source_verse	mapping	missing_verse	IRVBen	019036001
source_verse	mapping	missing_verse	IRVBen	019036002
source_verse	mapping	missing_verse	IRVBen	019036003
source_verse	mapping	missing_verse	IRVBen	019036004
source_verse	mapping	missing_verse	IRVBen	019036005
source_verse	mapping	missing_verse	IRVBen	019036006
source_verse	mapping	missing_verse	IRVBen	019036007
source_verse	mapping	missing_verse	IRVBen	019036008
source_verse	mapping	missing_verse	IRVBen	019036009
source_verse	mapping	missing_verse	IRVBen	019036010
source_verse	mapping	missing_verse	IRVBen	019036011
source_verse	mapping	missing_verse	IRVBen	019036012
source_verse	mapping	missing_verse	IRVBen	019036013
source_verse	mapping	missing_verse	IRVBen	019037001
source_verse	mapping	missing_verse	IRVBen	019038001
source_verse	mapping	missing_verse	IRVBen	019038002
source_verse	mapping	missing_verse	IRVBen	019038003
source_verse	mapping	missing_verse	IRVBen	019038004
source_verse	mapping	missing_verse	IRVBen	019038005
source_verse	mapping	missing_verse	IRVBen	019038006
source_verse	mapping	missing_verse	IRVBen	019038007
source_verse	mapping	missing_verse	IRVBen	019038008
source_verse	mapping	missing_verse	IRVBen	019038009
source_verse	mapping	missing_verse	IRVBen	019038010
source_verse	mapping	missing_verse	IRVBen	019038011
source_verse	mapping	missing_verse	IRVBen	019038012
source_verse	mapping	missing_verse	IRVBen	019038013
source_verse	mapping	missing_verse	IRVBen	019038014
source_verse	mapping	missing_verse	IRVBen	019038015
source_verse	mapping	missing_verse	IRVBen	019038016
source_verse	mapping	missing_verse	IRVBen	019038017
source_verse	mapping	missing_verse	IRVBen	019038018
source_verse	mapping	missing_verse	IRVBen	019038019
source_verse	mapping	missing_verse	IRVBen	019038020
source_verse	mapping	missing_verse	IRVBen	019038021
source_verse	mapping	missing_verse	IRVBen	019038022
source_verse	mapping	missing_verse	IRVBen	019038023
source_verse	mapping	missing_verse	IRVBen	019039001
source_verse	mapping	missing_verse	IRVBen	019039002
source_verse	mapping	missing_verse	IRVBen	019039003
source_verse	mapping	missing_verse	IRVBen	019039004
source_verse	mapping	missing_verse	IRVBen	019039005
source_verse	mapping	missing_verse	IRVBen	019039006
source_verse	mapping	missing_verse	IRVBen	019039007
source_verse	mapping	missing_verse	IRVBen	019039008
source_verse	mapping	missing_verse	IRVBen	019039009
source_verse	mapping	missing_verse	IRVBen	019039010
source_verse	mapping	missing_verse	IRVBen	019039011
source_verse	mapping	missing_verse	IRVBen	019039012
source_verse	mapping	missing_verse	IRVBen	019039013
source_verse	mapping	missing_verse	IRVBen	019039014
source_verse	mapping	missing_verse	IRVBen	019040001
source_verse	mapping	missing_verse	IRVBen	019040002
source_verse	mapping	missing_verse	IRVBen	019040003
source_verse	mapping	missing_verse	IRVBen	019040004
source_verse	mapping	missing_verse	IRVBen	019040005
source_verse	mapping	missing_verse	IRVBen	019040006
source_verse	mapping	missing_verse	IRVBen	019040007
source_verse	mapping	missing_verse	IRVBen	019040008
source_verse	mapping	missing_verse	IRVBen	019040009
source_verse	mapping	missing_verse	IRVBen	019040010
source_verse	mapping	missing_verse	IRVBen	019040011
source_verse	mapping	missing_verse	IRVBen	019040012
source_verse	mapping	missing_verse	IRVBen	019040013
source_verse	mapping	missing_verse	IRVBen	019040014
source_verse	mapping	missing_verse	IRVBen	019040015
source_verse	mapping	missing_verse	IRVBen	019040016
source_verse	mapping	missing_verse	IRVBen	019040017
source_verse	mapping	missing_verse	IRVBen	019040018
source_verse	mapping	missing_verse	IRVBen	019041001
source_verse	mapping	missing_verse	IRVBen	019041002
source_verse	mapping	missing_verse	IRVBen	019041003
source_verse	mapping	missing_verse	IRVBen	019041004
source_verse	mapping	missing_verse	IRVBen	019041005
source_verse	mapping	missing_verse	IRVBen	019041006
source_verse	mapping	missing_verse	IRVBen	019041007
source_verse	mapping	missing_verse	IRVBen	019041008
source_verse	mapping	missing_verse	IRVBen	019041009
source_verse	mapping	missing_verse	IRVBen	019041010
source_verse	mapping	missing_verse	IRVBen	019041011
source_verse	mapping	missing_verse	IRVBen	019041012
source_verse	mapping	missing_verse	IRVBen	019041013
source_verse	mapping	missing_verse	IRVBen	019041014
source_verse	mapping	missing_verse	IRVBen	019042001
source_verse	mapping	missing_verse	IRVBen	019042002
source_verse	mapping	missing_verse	IRVBen	019042003
source_verse	mapping	missing_verse	IRVBen	019042004
source_verse	mapping	missing_verse	IRVBen	019042005
source_verse	mapping	missing_verse	IRVBen	019042006
source_verse	mapping	missing_verse	IRVBen	019042007
source_verse	mapping	missing_verse	IRVBen	019042008
source_verse	mapping	missing_verse	IRVBen	019042009
source_verse	mapping	missing_verse	IRVBen	019042010
source_verse	mapping	missing_verse	IRVBen	019042011
source_verse	mapping	missing_verse	IRVBen	019042012
source_verse	mapping	missing_verse	IRVBen	019044001
source_verse	mapping	missing_verse	IRVBen	019044002
source_verse	mapping	missing_verse	IRVBen	019044003
source_verse	mapping	missing_verse	IRVBen	019044004
source_verse	mapping	missing_verse	IRVBen	019044005
source_verse	mapping	missing_verse	IRVBen	019044006
source_verse	mapping	missing_verse	IRVBen	019044007
source_verse	mapping	missing_verse	IRVBen	019044008
source_verse	mapping	missing_verse	IRVBen	019044009
source_verse	mapping	missing_verse	IRVBen	019044010
source_verse	mapping	missing_verse	IRVBen	019044011
source_verse	mapping	missing_verse	IRVBen	019044012
source_verse	mapping	missing_verse	IRVBen	019044013
source_verse	mapping	missing_verse	IRVBen	019044014
source_verse	mapping	missing_verse	IRVBen	019044015
source_verse	mapping	missing_verse	IRVBen	019044016
source_verse	mapping	missing_verse	IRVBen	019044017
source_verse	mapping	missing_verse	IRVBen	019044018
source_verse	mapping	missing_verse	IRVBen	019044019
source_verse	mapping	missing_verse	IRVBen	019044020
source_verse	mapping	missing_verse	IRVBen	019044021
source_verse	mapping	missing_verse	IRVBen	019044022
source_verse	mapping	missing_verse	IRVBen	019044023
source_verse	mapping	missing_verse	IRVBen	019044024
source_verse	mapping	missing_verse	IRVBen	019044025
source_verse	mapping	missing_verse	IRVBen	019044026
source_verse	mapping	missing_verse	IRVBen	019044027
source_verse	mapping	missing_verse	IRVBen	019045001
source_verse	mapping	missing_verse	IRVBen	019045002
source_verse	mapping	missing_verse	IRVBen	019045003
source_verse	mapping	missing_verse	IRVBen	019045004
source_verse	mapping	missing_verse	IRVBen	019045005
source_verse	mapping	missing_verse	IRVBen	019045006
source_verse	mapping	missing_verse	IRVBen	019045007
source_verse	mapping	missing_verse	IRVBen	019045008
source_verse	mapping	missing_verse	IRVBen	019045009
source_verse	mapping	missing_verse	IRVBen	019045010
source_verse	mapping	missing_verse	IRVBen	019045011
source_verse	mapping	missing_verse	IRVBen	019045012
source_verse	mapping	missing_verse	IRVBen	019045013
source_verse	mapping	missing_verse	IRVBen	019045014
source_verse	mapping	missing_verse	IRVBen	019045015
source_verse	mapping	missing_verse	IRVBen	019045016
source_verse	mapping	missing_verse	IRVBen	019045017
source_verse	mapping	missing_verse	IRVBen	019045018
source_verse	mapping	missing_verse	IRVBen	019046001
source_verse	mapping	missing_verse	IRVBen	019046002
source_verse	mapping	missing_verse	IRVBen	019046003
source_verse	mapping	missing_verse	IRVBen	019046004
source_verse	mapping	missing_verse	IRVBen	019046005
source_verse	mapping	missing_verse	IRVBen	019046006
source_verse	mapping	missing_verse	IRVBen	019046007
source_verse	mapping	missing_verse	IRVBen	019046008
source_verse	mapping	missing_verse	IRVBen	019046009
source_verse	mapping	missing_verse	IRVBen	019046010
source_verse	mapping	missing_verse	IRVBen	019046011
source_verse	mapping	missing_verse	IRVBen	019046012
source_verse	mapping	missing_verse	IRVBen	019047001
source_verse	mapping	missing_verse	IRVBen	019047002
source_verse	mapping	missing_verse	IRVBen	019047003
source_verse	mapping	missing_verse	IRVBen	019047004
source_verse	mapping	missing_verse	IRVBen	019047005
source_verse	mapping	missing_verse	IRVBen	019047006
source_verse	mapping	missing_verse	IRVBen	019047007
source_verse	mapping	missing_verse	IRVBen	019047008
source_verse	mapping	missing_verse	IRVBen	019047009
source_verse	mapping	missing_verse	IRVBen	019047010
source_verse	mapping	missing_verse	IRVBen	019048001
source_verse	mapping	missing_verse	IRVBen	019048002
source_verse	mapping	missing_verse	IRVBen	019048003
source_verse	mapping	missing_verse	IRVBen	019048004
source_verse	mapping	missing_verse	IRVBen	019048005
source_verse	mapping	missing_verse	IRVBen	019048006
source_verse	mapping	missing_verse	IRVBen	019048007
source_verse	mapping	missing_verse	IRVBen	019048008
source_verse	mapping	missing_verse	IRVBen	019048009
source_verse	mapping	missing_verse	IRVBen	019048010
source_verse	mapping	missing_verse	IRVBen	019048011
source_verse	mapping	missing_verse	IRVBen	019048012
source_verse	mapping	missing_verse	IRVBen	019048013
source_verse	mapping	missing_verse	IRVBen	019048014
source_verse	mapping	missing_verse	IRVBen	019048015
source_verse	mapping	missing_verse	IRVBen	019049001
source_verse	mapping	missing_verse	IRVBen	019049002
source_verse	mapping	missing_verse	IRVBen	019049003
source_verse	mapping	missing_verse	IRVBen	019049004
source_verse	mapping	missing_verse	IRVBen	019049005
source_verse	mapping	missing_verse	IRVBen	019049006
source_verse	mapping	missing_verse	IRVBen	019049007
source_verse	mapping	missing_verse	IRVBen	019049008
source_verse	mapping	missing_verse	IRVBen	019049009
source_verse	mapping	missing_verse	IRVBen	019049010
source_verse	mapping	missing_verse	IRVBen	019049011
source_verse	mapping	missing_verse	IRVBen	019049012
source_verse	mapping	missing_verse	IRVBen	019049013
source_verse	mapping	missing_verse	IRVBen	019049014
source_verse	mapping	missing_verse	IRVBen	019049015
source_verse	mapping	missing_verse	IRVBen	019049016
source_verse	mapping	missing_verse	IRVBen	019049017
source_verse	mapping	missing_verse	IRVBen	019049018
source_verse	mapping	missing_verse	IRVBen	019049019
source_verse	mapping	missing_verse	IRVBen	019049020
source_verse	mapping	missing_verse	IRVBen	019049021
source_verse	mapping	missing_verse	IRVBen	019050001
source_verse	mapping	missing_verse	IRVBen	019051002
source_verse	mapping	missing_verse	IRVBen	019051003
source_verse	mapping	missing_verse	IRVBen	019051004
source_verse	mapping	missing_verse	IRVBen	019051005
source_verse	mapping	missing_verse	IRVBen	019051006
source_verse	mapping	missing_verse	IRVBen	019051007
source_verse	mapping	missing_verse	IRVBen	019051008
source_verse	mapping	missing_verse	IRVBen	019051009
source_verse	mapping	missing_verse	IRVBen	019051010
source_verse	mapping	missing_verse	IRVBen	019051011
source_verse	mapping	missing_verse	IRVBen	019051012
source_verse	mapping	missing_verse	IRVBen	019051013
source_verse	mapping	missing_verse	IRVBen	019051014
source_verse	mapping	missing_verse	IRVBen	019051015
source_verse	mapping	missing_verse	IRVBen	019051016
source_verse	mapping	missing_verse	IRVBen	019051017
source_verse	mapping	missing_verse	IRVBen	019051018
source_verse	mapping	missing_verse	IRVBen	019051019
source_verse	mapping	missing_verse	IRVBen	019051020
source_verse	mapping	missing_verse	IRVBen	019051021
source_verse	mapping	missing_verse	IRVBen	019052002
source_verse	mapping	missing_verse	IRVBen	019052003
source_verse	mapping	missing_verse	IRVBen	019052004
source_verse	mapping	missing_verse	IRVBen	019052005
source_verse	mapping	missing_verse	IRVBen	019052006
source_verse	mapping	missing_verse	IRVBen	019052007
source_verse	mapping	missing_verse	IRVBen	019052008
source_verse	mapping	missing_verse	IRVBen	019052009
source_verse	mapping	missing_verse	IRVBen	019052010
source_verse	mapping	missing_verse	IRVBen	019052011
source_verse	mapping	missing_verse	IRVBen	019053001
source_verse	mapping	missing_verse	IRVBen	019053002
source_verse	mapping	missing_verse	IRVBen	019053003
source_verse	mapping	missing_verse	IRVBen	019053004
source_verse	mapping	missing_verse	IRVBen	019053005
source_verse	mapping	missing_verse	IRVBen	019053006
source_verse	mapping	missing_verse	IRVBen	019053007
source_verse	mapping	missing_verse	IRVBen	019054002
source_verse	mapping	missing_verse	IRVBen	019054003
source_verse	mapping	missing_verse	IRVBen	019054004
source_verse	mapping	missing_verse	IRVBen	019054005
source_verse	mapping	missing_verse	IRVBen	019054006
source_verse	mapping	missing_verse	IRVBen	019054007
source_verse	mapping	missing_verse	IRVBen	019054008
source_verse	mapping	missing_verse	IRVBen	019054009
source_verse	mapping	missing_verse	IRVBen	019055001
source_verse	mapping	missing_verse	IRVBen	019055002
source_verse	mapping	missing_verse	IRVBen	019055003
source_verse	mapping	missing_verse	IRVBen	019055004
source_verse	mapping	missing_verse	IRVBen	019055005
source_verse	mapping	missing_verse	IRVBen	019055006
source_verse	mapping	missing_verse	IRVBen	019055007
source_verse	mapping	missing_verse	IRVBen	019055008
source_verse	mapping	missing_verse	IRVBen	019055009
source_verse	mapping	missing_verse	IRVBen	019055010
source_verse	mapping	missing_verse	IRVBen	019055011
source_verse	mapping	missing_verse	IRVBen	019055012
source_verse	mapping	missing_verse	IRVBen	019055013
source_verse	mapping	missing_verse	IRVBen	019055014
source_verse	mapping	missing_verse	IRVBen	019055015
source_verse	mapping	missing_verse	IRVBen	019055016
source_verse	mapping	missing_verse	IRVBen	019055017
source_verse	mapping	missing_verse	IRVBen	019055018
source_verse	mapping	missing_verse	IRVBen	019055019
source_verse	mapping	missing_verse	IRVBen	019055020
source_verse	mapping	missing_verse	IRVBen	019055021
source_verse	mapping	missing_verse	IRVBen	019055022
source_verse	mapping	missing_verse	IRVBen	019055023
source_verse	mapping	missing_verse	IRVBen	019055024
source_verse	mapping	missing_verse	IRVBen	019056001
source_verse	mapping	missing_verse	IRVBen	019056002
source_verse	mapping	missing_verse	IRVBen	019056003
source_verse	mapping	missing_verse	IRVBen	019056004
source_verse	mapping	missing_verse	IRVBen	019056005
source_verse	mapping	missing_verse	IRVBen	019056006
source_verse	mapping	missing_verse	IRVBen	019056007
source_verse	mapping	missing_verse	IRVBen	019056008
source_verse	mapping	missing_verse	IRVBen	019056009
source_verse	mapping	missing_verse	IRVBen	019056010
source_verse	mapping	missing_verse	IRVBen	019056011
source_verse	mapping	missing_verse	IRVBen	019056012
source_verse	mapping	missing_verse	IRVBen	019056013
source_verse	mapping	missing_verse	IRVBen	019056014
source_verse	mapping	missing_verse	IRVBen	019057001
source_verse	mapping	missing_verse	IRVBen	019057002
source_verse	mapping	missing_verse	IRVBen	019057003
source_verse	mapping	missing_verse	IRVBen	019057004
source_verse	mapping	missing_verse	IRVBen	019057005
source_verse	mapping	missing_verse	IRVBen	019057006
source_verse	mapping	missing_verse	IRVBen	019057007
source_verse	mapping	missing_verse	IRVBen	019057008
source_verse	mapping	missing_verse	IRVBen	019057009
source_verse	mapping	missing_verse	IRVBen	019057010
source_verse	mapping	missing_verse	IRVBen	019057011
source_verse	mapping	missing_verse	IRVBen	019057012
source_verse	mapping	missing_verse	IRVBen	019058001
source_verse	mapping	missing_verse	IRVBen	019058002
source_verse	mapping	missing_verse	IRVBen	019058003
source_verse	mapping	missing_verse	IRVBen	019058004
source_verse	mapping	missing_verse	IRVBen	019058005
source_verse	mapping	missing_verse	IRVBen	019058006
source_verse	mapping	missing_verse	IRVBen	019058007
source_verse	mapping	missing_verse	IRVBen	019058008
source_verse	mapping	missing_verse	IRVBen	019058009
source_verse	mapping	missing_verse	IRVBen	019058010
source_verse	mapping	missing_verse	IRVBen	019058011
source_verse	mapping	missing_verse	IRVBen	019058012
source_verse	mapping	missing_verse	IRVBen	019059001
source_verse	mapping	missing_verse	IRVBen	019059002
source_verse	mapping	missing_verse	IRVBen	019059003
source_verse	mapping	missing_verse	IRVBen	019059004
source_verse	mapping	missing_verse	IRVBen	019059005
source_verse	mapping	missing_verse	IRVBen	019059006
source_verse	mapping	missing_verse	IRVBen	019059007
source_verse	mapping	missing_verse	IRVBen	019059008
source_verse	mapping	missing_verse	IRVBen	019059009
source_verse	mapping	missing_verse	IRVBen	019059010
source_verse	mapping	missing_verse	IRVBen	019059011
source_verse	mapping	missing_verse	IRVBen	019059012
source_verse	mapping	missing_verse	IRVBen	019059013
source_verse	mapping	missing_verse	IRVBen	019059014
source_verse	mapping	missing_verse	IRVBen	019059015
source_verse	mapping	missing_verse	IRVBen	019059016
source_verse	mapping	missing_verse	IRVBen	019059017
source_verse	mapping	missing_verse	IRVBen	019059018
source_verse	mapping	missing_verse	IRVBen	019060002
source_verse	mapping	missing_verse	IRVBen	019060003
source_verse	mapping	missing_verse	IRVBen	019060004
source_verse	mapping	missing_verse	IRVBen	019060005
source_verse	mapping	missing_verse	IRVBen	019060006
source_verse	mapping	missing_verse	IRVBen	019060007
source_verse	mapping	missing_verse	IRVBen	019060008
source_verse	mapping	missing_verse	IRVBen	019060009
source_verse	mapping	missing_verse	IRVBen	019060010
source_verse	mapping	missing_verse	IRVBen	019060011
source_verse	mapping	missing_verse	IRVBen	019060012
source_verse	mapping	missing_verse	IRVBen	019060013
source_verse	mapping	missing_verse	IRVBen	019060014
source_verse	mapping	missing_verse	IRVBen	019061001
source_verse	mapping	missing_verse	IRVBen	019061002
source_verse	mapping	missing_verse	IRVBen	019061003
source_verse	mapping	missing_verse	IRVBen	019061004
source_verse	mapping	missing_verse	IRVBen	019061005
source_verse	mapping	missing_verse	IRVBen	019061006
source_verse	mapping	missing_verse	IRVBen	019061007
source_verse	mapping	missing_verse	IRVBen	019061008
source_verse	mapping	missing_verse	IRVBen	019061009
source_verse	mapping	missing_verse	IRVBen	019062001
source_verse	mapping	missing_verse	IRVBen	019062002
source_verse	mapping	missing_verse	IRVBen	019062003
source_verse	mapping	missing_verse	IRVBen	019062004
source_verse	mapping	missing_verse	IRVBen	019062005
source_verse	mapping	missing_verse	IRVBen	019062006
source_verse	mapping	missing_verse	IRVBen	019062007
source_verse	mapping	missing_verse	IRVBen	019062008
source_verse	mapping	missing_verse	IRVBen	019062009
source_verse	mapping	missing_verse	IRVBen	019062010
source_verse	mapping	missing_verse	IRVBen	019062011
source_verse	mapping	missing_verse	IRVBen	019062012
source_verse	mapping	missing_verse	IRVBen	019062013
source_verse	mapping	missing_verse	IRVBen	019063001
source_verse	mapping	missing_verse	IRVBen	019063002
source_verse	mapping	missing_verse	IRVBen	019063003
source_verse	mapping	missing_verse	IRVBen	019063004
source_verse	mapping	missing_verse	IRVBen	019063005
source_verse	mapping	missing_verse	IRVBen	019063006
source_verse	mapping	missing_verse	IRVBen	019063007
source_verse	mapping	missing_verse	IRVBen	019063008
source_verse	mapping	missing_verse	IRVBen	019063009
source_verse	mapping	missing_verse	IRVBen	019063010
source_verse	mapping	missing_verse	IRVBen	019063011
source_verse	mapping	missing_verse	IRVBen	019063012
source_verse	mapping	missing_verse	IRVBen	019064001
source_verse	mapping	missing_verse	IRVBen	019064002
source_verse	mapping	missing_verse	IRVBen	019064003
source_verse	mapping	missing_verse	IRVBen	019064004
source_verse	mapping	missing_verse	IRVBen	019064005
source_verse	mapping	missing_verse	IRVBen	019064006
source_verse	mapping	missing_verse	IRVBen	019064007
source_verse	mapping	missing_verse	IRVBen	019064008
source_verse	mapping	missing_verse	IRVBen	019064009
source_verse	mapping	missing_verse	IRVBen	019064010
source_verse	mapping	missing_verse	IRVBen	019064011
source_verse	mapping	missing_verse	IRVBen	019065001
source_verse	mapping	missing_verse	IRVBen	019065002
source_verse	mapping	missing_verse	IRVBen	019065003
source_verse	mapping	missing_verse	IRVBen	019065004
source_verse	mapping	missing_verse	IRVBen	019065005
source_verse	mapping	missing_verse	IRVBen	019065006
source_verse	mapping	missing_verse	IRVBen	019065007
source_verse	mapping	missing_verse	IRVBen	019065008
source_verse	mapping	missing_verse	IRVBen	019065009
source_verse	mapping	missing_verse	IRVBen	019065010
source_verse	mapping	missing_verse	IRVBen	019065011
source_verse	mapping	missing_verse	IRVBen	019065012
source_verse	mapping	missing_verse	IRVBen	019065013
source_verse	mapping	missing_verse	IRVBen	019065014
source_verse	mapping	missing_verse	IRVBen	019066001
source_verse	mapping	missing_verse	IRVBen	019067001
source_verse	mapping	missing_verse	IRVBen	019067002
source_verse	mapping	missing_verse	IRVBen	019067003
source_verse	mapping	missing_verse	IRVBen	019067004
source_verse	mapping	missing_verse	IRVBen	019067005
source_verse	mapping	missing_verse	IRVBen	019067006
source_verse	mapping	missing_verse	IRVBen	019067007
source_verse	mapping	missing_verse	IRVBen	019067008
source_verse	mapping	missing_verse	IRVBen	019068001
source_verse	mapping	missing_verse	IRVBen	019068002
source_verse	mapping	missing_verse	IRVBen	019068003
source_verse	mapping	missing_verse	IRVBen	019068004
source_verse	mapping	missing_verse	IRVBen	019068005
source_verse	mapping	missing_verse	IRVBen	019068006
source_verse	mapping	missing_verse	IRVBen	019068007
source_verse	mapping	missing_verse	IRVBen	019068008
source_verse	mapping	missing_verse	IRVBen	019068009
source_verse	mapping	missing_verse	IRVBen	019068010
source_verse	mapping	missing_verse	IRVBen	019068011
source_verse	mapping	missing_verse	IRVBen	019068012
source_verse	mapping	missing_verse	IRVBen	019068013
source_verse	mapping	missing_verse	IRVBen	019068014
source_verse	mapping	missing_verse	IRVBen	019068015
source_verse	mapping	missing_verse	IRVBen	019068016
source_verse	mapping	missing_verse	IRVBen	019068017
source_verse	mapping	missing_verse	IRVBen	019068018
source_verse	mapping	missing_verse	IRVBen	019068019
source_verse	mapping	missing_verse	IRVBen	019068020
source_verse	mapping	missing_verse	IRVBen	019068021
source_verse	mapping	missing_verse	IRVBen	019068022
source_verse	mapping	missing_verse	IRVBen	019068023
source_verse	mapping	missing_verse	IRVBen	019068024
source_verse	mapping	missing_verse	IRVBen	019068025
source_verse	mapping	missing_verse	IRVBen	019068026
source_verse	mapping	missing_verse	IRVBen	019068027
source_verse	mapping	missing_verse	IRVBen	019068028
source_verse	mapping	missing_verse	IRVBen	019068029
source_verse	mapping	missing_verse	IRVBen	019068030
source_verse	mapping	missing_verse	IRVBen	019068031
source_verse	mapping	missing_verse	IRVBen	019068032
source_verse	mapping	missing_verse	IRVBen	019068033
source_verse	mapping	missing_verse	IRVBen	019068034
source_verse	mapping	missing_verse	IRVBen	019068035
source_verse	mapping	missing_verse	IRVBen	019068036
source_verse	mapping	missing_verse	IRVBen	019069001
source_verse	mapping	missing_verse	IRVBen	019069002
source_verse	mapping	missing_verse	IRVBen	019069003
source_verse	mapping	missing_verse	IRVBen	019069004
source_verse	mapping	missing_verse	IRVBen	019069005
source_verse	mapping	missing_verse	IRVBen	019069006
source_verse	mapping	missing_verse	IRVBen	019069007
source_verse	mapping	missing_verse	IRVBen	019069008
source_verse	mapping	missing_verse	IRVBen	019069009
source_verse	mapping	missing_verse	IRVBen	019069010
source_verse	mapping	missing_verse	IRVBen	019069011
source_verse	mapping	missing_verse	IRVBen	019069012
source_verse	mapping	missing_verse	IRVBen	019069013
source_verse	mapping	missing_verse	IRVBen	019069014
source_verse	mapping	missing_verse	IRVBen	019069015
source_verse	mapping	missing_verse	IRVBen	019069016
source_verse	mapping	missing_verse	IRVBen	019069017
source_verse	mapping	missing_verse	IRVBen	019069018
source_verse	mapping	missing_verse	IRVBen	019069019
source_verse	mapping	missing_verse	IRVBen	019069020
source_verse	mapping	missing_verse	IRVBen	019069021
source_verse	mapping	missing_verse	IRVBen	019069022
source_verse	mapping	missing_verse	IRVBen	019069023
source_verse	mapping	missing_verse	IRVBen	019069024
source_verse	mapping	missing_verse	IRVBen	019069025
source_verse	mapping	missing_verse	IRVBen	019069026
source_verse	mapping	missing_verse	IRVBen	019069027
source_verse	mapping	missing_verse	IRVBen	019069028
source_verse	mapping	missing_verse	IRVBen	019069029
source_verse	mapping	missing_verse	IRVBen	019069030
source_verse	mapping	missing_verse	IRVBen	019069031
source_verse	mapping	missing_verse	IRVBen	019069032
source_verse	mapping	missing_verse	IRVBen	019069033
source_verse	mapping	missing_verse	IRVBen	019069034
source_verse	mapping	missing_verse	IRVBen	019069035
source_verse	mapping	missing_verse	IRVBen	019069036
source_verse	mapping	missing_verse	IRVBen	019069037
source_verse	mapping	missing_verse	IRVBen	019070001
source_verse	mapping	missing_verse	IRVBen	019070002
source_verse	mapping	missing_verse	IRVBen	019070003
source_verse	mapping	missing_verse	IRVBen	019070004
source_verse	mapping	missing_verse	IRVBen	019070005
source_verse	mapping	missing_verse	IRVBen	019070006
source_verse	mapping	missing_verse	IRVBen	019072001
source_verse	mapping	missing_verse	IRVBen	019073001
source_verse	mapping	missing_verse	IRVBen	019074001
source_verse	mapping	missing_verse	IRVBen	019075001
source_verse	mapping	missing_verse	IRVBen	019075002
source_verse	mapping	missing_verse	IRVBen	019075003
source_verse	mapping	missing_verse	IRVBen	019075004
source_verse	mapping	missing_verse	IRVBen	019075005
source_verse	mapping	missing_verse	IRVBen	019075006
source_verse	mapping	missing_verse	IRVBen	019075007
source_verse	mapping	missing_verse	IRVBen	019075008
source_verse	mapping	missing_verse	IRVBen	019075009
source_verse	mapping	missing_verse	IRVBen	019075010
source_verse	mapping	missing_verse	IRVBen	019075011
source_verse	mapping	missing_verse	IRVBen	019076001
source_verse	mapping	missing_verse	IRVBen	019076002
source_verse	mapping	missing_verse	IRVBen	019076003
source_verse	mapping	missing_verse	IRVBen	019076004
source_verse	mapping	missing_verse	IRVBen	019076005
source_verse	mapping	missing_verse	IRVBen	019076006
source_verse	mapping	missing_verse	IRVBen	019076007
source_verse	mapping	missing_verse	IRVBen	019076008
source_verse	mapping	missing_verse	IRVBen	019076009
source_verse	mapping	missing_verse	IRVBen	019076010
source_verse	mapping	missing_verse	IRVBen	019076011
source_verse	mapping	missing_verse	IRVBen	019076012
source_verse	mapping	missing_verse	IRVBen	019076013
source_verse	mapping	missing_verse	IRVBen	019077001
source_verse	mapping	missing_verse	IRVBen	019077002
source_verse	mapping	missing_verse	IRVBen	019077003
source_verse	mapping	missing_verse	IRVBen	019077004
source_verse	mapping	missing_verse	IRVBen	019077005
source_verse	mapping	missing_verse	IRVBen	019077006
source_verse	mapping	missing_verse	IRVBen	019077007
source_verse	mapping	missing_verse	IRVBen	019077008
source_verse	mapping	missing_verse	IRVBen	019077009
source_verse	mapping	missing_verse	IRVBen	019077010
source_verse	mapping	missing_verse	IRVBen	019077011
source_verse	mapping	missing_verse	IRVBen	019077012
source_verse	mapping	missing_verse	IRVBen	019077013
source_verse	mapping	missing_verse	IRVBen	019077014
source_verse	mapping	missing_verse	IRVBen	019077015
source_verse	mapping	missing_verse	IRVBen	019077016
source_verse	mapping	missing_verse	IRVBen	019077017
source_verse	mapping	missing_verse	IRVBen	019077018
source_verse	mapping	missing_verse	IRVBen	019077019
source_verse	mapping	missing_verse	IRVBen	019077020
source_verse	mapping	missing_verse	IRVBen	019077021
source_verse	mapping	missing_verse	IRVBen	019078001
source_verse	mapping	missing_verse	IRVBen	019079001
source_verse	mapping	missing_verse	IRVBen	019080001
source_verse	mapping	missing_verse	IRVBen	019080002
source_verse	mapping	missing_verse	IRVBen	019080003
source_verse	mapping	missing_verse	IRVBen	019080004
source_verse	mapping	missing_verse	IRVBen	019080005
source_verse	mapping	missing_verse	IRVBen	019080006
source_verse	mapping	missing_verse	IRVBen	019080007
source_verse	mapping	missing_verse	IRVBen	019080008
source_verse	mapping	missing_verse	IRVBen	019080009
source_verse	mapping	missing_verse	IRVBen	019080010
source_verse	mapping	missing_verse	IRVBen	019080011
source_verse	mapping	missing_verse	IRVBen	019080012
source_verse	mapping	missing_verse	IRVBen	019080013
source_verse	mapping	missing_verse	IRVBen	019080014
source_verse	mapping	missing_verse	IRVBen	019080015
source_verse	mapping	missing_verse	IRVBen	019080016
source_verse	mapping	missing_verse	IRVBen	019080017
source_verse	mapping	missing_verse	IRVBen	019080018
source_verse	mapping	missing_verse	IRVBen	019080019
source_verse	mapping	missing_verse	IRVBen	019080020
source_verse	mapping	missing_verse	IRVBen	019081001
source_verse	mapping	missing_verse	IRVBen	019081002
source_verse	mapping	missing_verse	IRVBen	019081003
source_verse	mapping	missing_verse	IRVBen	019081004
source_verse	mapping	missing_verse	IRVBen	019081005
source_verse	mapping	missing_verse	IRVBen	019081006
source_verse	mapping	missing_verse	IRVBen	019081007
source_verse	mapping	missing_verse	IRVBen	019081008
source_verse	mapping	missing_verse	IRVBen	019081009
source_verse	mapping	missing_verse	IRVBen	019081010
source_verse	mapping	missing_verse	IRVBen	019081011
source_verse	mapping	missing_verse	IRVBen	019081012
source_verse	mapping	missing_verse	IRVBen	019081013
source_verse	mapping	missing_verse	IRVBen	019081014
source_verse	mapping	missing_verse	IRVBen	019081015
source_verse	mapping	missing_verse	IRVBen	019081016
source_verse	mapping	missing_verse	IRVBen	019081017
source_verse	mapping	missing_verse	IRVBen	019082001
source_verse	mapping	missing_verse	IRVBen	019083001
source_verse	mapping	missing_verse	IRVBen	019083002
source_verse	mapping	missing_verse	IRVBen	019083003
source_verse	mapping	missing_verse	IRVBen	019083004
source_verse	mapping	missing_verse	IRVBen	019083005
source_verse	mapping	missing_verse	IRVBen	019083006
source_verse	mapping	missing_verse	IRVBen	019083007
source_verse	mapping	missing_verse	IRVBen	019083008
source_verse	mapping	missing_verse	IRVBen	019083009
source_verse	mapping	missing_verse	IRVBen	019083010
source_verse	mapping	missing_verse	IRVBen	019083011
source_verse	mapping	missing_verse	IRVBen	019083012
source_verse	mapping	missing_verse	IRVBen	019083013
source_verse	mapping	missing_verse	IRVBen	019083014
source_verse	mapping	missing_verse	IRVBen	019083015
source_verse	mapping	missing_verse	IRVBen	019083016
source_verse	mapping	missing_verse	IRVBen	019083017
source_verse	mapping	missing_verse	IRVBen	019083018
source_verse	mapping	missing_verse	IRVBen	019083019
source_verse	mapping	missing_verse	IRVBen	019084001
source_verse	mapping	missing_verse	IRVBen	019084002
source_verse	mapping	missing_verse	IRVBen	019084003
source_verse	mapping	missing_verse	IRVBen	019084004
source_verse	mapping	missing_verse	IRVBen	019084005
source_verse	mapping	missing_verse	IRVBen	019084006
source_verse	mapping	missing_verse	IRVBen	019084007
source_verse	mapping	missing_verse	IRVBen	019084008
source_verse	mapping	missing_verse	IRVBen	019084009
source_verse	mapping	missing_verse	IRVBen	019084010
source_verse	mapping	missing_verse	IRVBen	019084011
source_verse	mapping	missing_verse	IRVBen	019084012
source_verse	mapping	missing_verse	IRVBen	019084013
source_verse	mapping	missing_verse	IRVBen	019085001
source_verse	mapping	missing_verse	IRVBen	019085002
source_verse	mapping	missing_verse	IRVBen	019085003
source_verse	mapping	missing_verse	IRVBen	019085004
source_verse	mapping	missing_verse	IRVBen	019085005
source_verse	mapping	missing_verse	IRVBen	019085006
source_verse	mapping	missing_verse	IRVBen	019085007
source_verse	mapping	missing_verse	IRVBen	019085008
source_verse	mapping	missing_verse	IRVBen	019085009
source_verse	mapping	missing_verse	IRVBen	019085010
source_verse	mapping	missing_verse	IRVBen	019085011
source_verse	mapping	missing_verse	IRVBen	019085012
source_verse	mapping	missing_verse	IRVBen	019085013
source_verse	mapping	missing_verse	IRVBen	019085014
source_verse	mapping	missing_verse	IRVBen	019086001
source_verse	mapping	missing_verse	IRVBen	019087001
source_verse	mapping	missing_verse	IRVBen	019088001
source_verse	mapping	missing_verse	IRVBen	019088002
source_verse	mapping	missing_verse	IRVBen	019088003
source_verse	mapping	missing_verse	IRVBen	019088004
source_verse	mapping	missing_verse	IRVBen	019088005
source_verse	mapping	missing_verse	IRVBen	019088006
source_verse	mapping	missing_verse	IRVBen	019088007
source_verse	mapping	missing_verse	IRVBen	019088008
source_verse	mapping	missing_verse	IRVBen	019088009
source_verse	mapping	missing_verse	IRVBen	019088010
source_verse	mapping	missing_verse	IRVBen	019088011
source_verse	mapping	missing_verse	IRVBen	019088012
source_verse	mapping	missing_verse	IRVBen	019088013
source_verse	mapping	missing_verse	IRVBen	019088014
source_verse	mapping	missing_verse	IRVBen	019088015
source_verse	mapping	missing_verse	IRVBen	019088016
source_verse	mapping	missing_verse	IRVBen	019088017
source_verse	mapping	missing_verse	IRVBen	019088018
source_verse	mapping	missing_verse	IRVBen	019088019
source_verse	mapping	missing_verse	IRVBen	019089001
source_verse	mapping	missing_verse	IRVBen	019089002
source_verse	mapping	missing_verse	IRVBen	019089003
source_verse	mapping	missing_verse	IRVBen	019089004
source_verse	mapping	missing_verse	IRVBen	019089005
source_verse	mapping	missing_verse	IRVBen	019089006
source_verse	mapping	missing_verse	IRVBen	019089007
source_verse	mapping	missing_verse	IRVBen	019089008
source_verse	mapping	missing_verse	IRVBen	019089009
source_verse	mapping	missing_verse	IRVBen	019089010
source_verse	mapping	missing_verse	IRVBen	019089011
source_verse	mapping	missing_verse	IRVBen	019089012
source_verse	mapping	missing_verse	IRVBen	019089013
source_verse	mapping	missing_verse	IRVBen	019089014
source_verse	mapping	missing_verse	IRVBen	019089015
source_verse	mapping	missing_verse	IRVBen	019089016
source_verse	mapping	missing_verse	IRVBen	019089017
source_verse	mapping	missing_verse	IRVBen	019089018
source_verse	mapping	missing_verse	IRVBen	019089019
source_verse	mapping	missing_verse	IRVBen	019089020
source_verse	mapping	missing_verse	IRVBen	019089021
source_verse	mapping	missing_verse	IRVBen	019089022
source_verse	mapping	missing_verse	IRVBen	019089023
source_verse	mapping	missing_verse	IRVBen	019089024
source_verse	mapping	missing_verse	IRVBen	019089025
source_verse	mapping	missing_verse	IRVBen	019089026
source_verse	mapping	missing_verse	IRVBen	019089027
source_verse	mapping	missing_verse	IRVBen	019089028
source_verse	mapping	missing_verse	IRVBen	019089029
source_verse	mapping	missing_verse	IRVBen	019089030
source_verse	mapping	missing_verse	IRVBen	019089031
source_verse	mapping	missing_verse	IRVBen	019089032
source_verse	mapping	missing_verse	IRVBen	019089033
source_verse	mapping	missing_verse	IRVBen	019089034
source_verse	mapping	missing_verse	IRVBen	019089035
source_verse	mapping	missing_verse	IRVBen	019089036
source_verse	mapping	missing_verse	IRVBen	019089037
source_verse	mapping	missing_verse	IRVBen	019089038
source_verse	mapping	missing_verse	IRVBen	019089039
source_verse	mapping	missing_verse	IRVBen	019089040
source_verse	mapping	missing_verse	IRVBen	019089041
source_verse	mapping	missing_verse	IRVBen	019089042
source_verse	mapping	missing_verse	IRVBen	019089043
source_verse	mapping	missing_verse	IRVBen	019089044
source_verse	mapping	missing_verse	IRVBen	019089045
source_verse	mapping	missing_verse	IRVBen	019089046
source_verse	mapping	missing_verse	IRVBen	019089047
source_verse	mapping	missing_verse	IRVBen	019089048
source_verse	mapping	missing_verse	IRVBen	019089049
source_verse	mapping	missing_verse	IRVBen	019089050
source_verse	mapping	missing_verse	IRVBen	019089051
source_verse	mapping	missing_verse	IRVBen	019089052
source_verse	mapping	missing_verse	IRVBen	019089053
source_verse	mapping	missing_verse	IRVBen	019090001
source_verse	mapping	missing_verse	IRVBen	019092001
source_verse	mapping	missing_verse	IRVBen	019092002
source_verse	mapping	missing_verse	IRVBen	019092003
source_verse	mapping	missing_verse	IRVBen	019092004
source_verse	mapping	missing_verse	IRVBen	019092005
source_verse	mapping	missing_verse	IRVBen	019092006
source_verse	mapping	missing_verse	IRVBen	019092007
source_verse	mapping	missing_verse	IRVBen	019092008
source_verse	mapping	missing_verse	IRVBen	019092009
source_verse	mapping	missing_verse	IRVBen	019092010
source_verse	mapping	missing_verse	IRVBen	019092011
source_verse	mapping	missing_verse	IRVBen	019092012
source_verse	mapping	missing_verse	IRVBen	019092013
source_verse	mapping	missing_verse	IRVBen	019092014
source_verse	mapping	missing_verse	IRVBen	019092015
source_verse	mapping	missing_verse	IRVBen	019092016
source_verse	mapping	missing_verse	IRVBen	019098001
source_verse	mapping	missing_verse	IRVBen	019100001
source_verse	mapping	missing_verse	IRVBen	019101001
source_verse	mapping	missing_verse	IRVBen	019102001
source_verse	mapping	missing_verse	IRVBen	019102002
source_verse	mapping	missing_verse	IRVBen	019102003
source_verse	mapping	missing_verse	IRVBen	019102004
source_verse	mapping	missing_verse	IRVBen	019102005
source_verse	mapping	missing_verse	IRVBen	019102006
source_verse	mapping	missing_verse	IRVBen	019102007
source_verse	mapping	missing_verse	IRVBen	019102008
source_verse	mapping	missing_verse	IRVBen	019102009
source_verse	mapping	missing_verse	IRVBen	019102010
source_verse	mapping	missing_verse	IRVBen	019102011
source_verse	mapping	missing_verse	IRVBen	019102012
source_verse	mapping	missing_verse	IRVBen	019102013
source_verse	mapping	missing_verse	IRVBen	019102014
source_verse	mapping	missing_verse	IRVBen	019102015
source_verse	mapping	missing_verse	IRVBen	019102016
source_verse	mapping	missing_verse	IRVBen	019102017
source_verse	mapping	missing_verse	IRVBen	019102018
source_verse	mapping	missing_verse	IRVBen	019102019
source_verse	mapping	missing_verse	IRVBen	019102020
source_verse	mapping	missing_verse	IRVBen	019102021
source_verse	mapping	missing_verse	IRVBen	019102022
source_verse	mapping	missing_verse	IRVBen	019102023
source_verse	mapping	missing_verse	IRVBen	019102024
source_verse	mapping	missing_verse	IRVBen	019102025
source_verse	mapping	missing_verse	IRVBen	019102026
source_verse	mapping	missing_verse	IRVBen	019102027
source_verse	mapping	missing_verse	IRVBen	019102028
source_verse	mapping	missing_verse	IRVBen	019102029
source_verse	mapping	missing_verse	IRVBen	019103001
source_verse	mapping	missing_verse	IRVBen	019108001
source_verse	mapping	missing_verse	IRVBen	019108002
source_verse	mapping	missing_verse	IRVBen	019108003
source_verse	mapping	missing_verse	IRVBen	019108004
source_verse	mapping	missing_verse	IRVBen	019108005
source_verse	mapping	missing_verse	IRVBen	019108006
source_verse	mapping	missing_verse	IRVBen	019108007
source_verse	mapping	missing_verse	IRVBen	019108008
source_verse	mapping	missing_verse	IRVBen	019108009
source_verse	mapping	missing_verse	IRVBen	019108010
source_verse	mapping	missing_verse	IRVBen	019108011
source_verse	mapping	missing_verse	IRVBen	019108012
source_verse	mapping	missing_verse	IRVBen	019108013
source_verse	mapping	missing_verse	IRVBen	019108014
source_verse	mapping	missing_verse	IRVBen	019109001
source_verse	mapping	missing_verse	IRVBen	019110001
source_verse	mapping	missing_verse	IRVBen	019120001
source_verse	mapping	missing_verse	IRVBen	019121001
source_verse	mapping	missing_verse	IRVBen	019122001
source_verse	mapping	missing_verse	IRVBen	019123001
source_verse	mapping	missing_verse	IRVBen	019124001
source_verse	mapping	missing_verse	IRVBen	019125001
source_verse	mapping	missing_verse	IRVBen	019126001
source_verse	mapping	missing_verse	IRVBen	019127001
source_verse	mapping	missing_verse	IRVBen	019128001
source_verse	mapping	missing_verse	IRVBen	019129001
source_verse	mapping	missing_verse	IRVBen	019130001
source_verse	mapping	missing_verse	IRVBen	019131001
source_verse	mapping	missing_verse	IRVBen	019132001
source_verse	mapping	missing_verse	IRVBen	019133001
source_verse	mapping	missing_verse	IRVBen	019134001
source_verse	mapping	missing_verse	IRVBen	019138001
source_verse	mapping	missing_verse	IRVBen	019139001
source_verse	mapping	missing_verse	IRVBen	019140001
source_verse	mapping	missing_verse	IRVBen	019140002
source_verse	mapping	missing_verse	IRVBen	019140003
source_verse	mapping	missing_verse	IRVBen	019140004
source_verse	mapping	missing_verse	IRVBen	019140005
source_verse	mapping	missing_verse	IRVBen	019140006
source_verse	mapping	missing_verse	IRVBen	019140007
source_verse	mapping	missing_verse	IRVBen	019140008
source_verse	mapping	missing_verse	IRVBen	019140009
source_verse	mapping	missing_verse	IRVBen	019140010
source_verse	mapping	missing_verse	IRVBen	019140011
source_verse	mapping	missing_verse	IRVBen	019140012
source_verse	mapping	missing_verse	IRVBen	019140013
source_verse	mapping	missing_verse	IRVBen	019140014
source_verse	mapping	missing_verse	IRVBen	019141001
source_verse	mapping	missing_verse	IRVBen	019142001
source_verse	mapping	missing_verse	IRVBen	019142002
source_verse	mapping	missing_verse	IRVBen	019142003
source_verse	mapping	missing_verse	IRVBen	019142004
source_verse	mapping	missing_verse	IRVBen	019142005
source_verse	mapping	missing_verse	IRVBen	019142006
source_verse	mapping	missing_verse	IRVBen	019142007
source_verse	mapping	missing_verse	IRVBen	019142008
source_verse	mapping	missing_verse	IRVBen	019143001
source_verse	mapping	missing_verse	IRVBen	019144001
source_verse	mapping	missing_verse	IRVBen	019145001
source_verse	mapping	missing_verse	IRVBen	021004017
source_verse	mapping	missing_verse	IRVBen	021005001
source_verse	mapping	missing_verse	IRVBen	021005002
source_verse	mapping	missing_verse	IRVBen	021005003
source_verse	mapping	missing_verse	IRVBen	021005004
source_verse	mapping	missing_verse	IRVBen	021005005
source_verse	mapping	missing_verse	IRVBen	021005006
source_verse	mapping	missing_verse	IRVBen	021005007
source_verse	mapping	missing_verse	IRVBen	021005008
source_verse	mapping	missing_verse	IRVBen	021005009
source_verse	mapping	missing_verse	IRVBen	021005010
source_verse	mapping	missing_verse	IRVBen	021005011
source_verse	mapping	missing_verse	IRVBen	021005012
source_verse	mapping	missing_verse	IRVBen	021005013
source_verse	mapping	missing_verse	IRVBen	021005014
source_verse	mapping	missing_verse	IRVBen	021005015
source_verse	mapping	missing_verse	IRVBen	021005016
source_verse	mapping	missing_verse	IRVBen	021005017
source_verse	mapping	missing_verse	IRVBen	021005018
source_verse	mapping	missing_verse	IRVBen	021005019
source_verse	mapping	missing_verse	IRVBen	022007001
source_verse	mapping	missing_verse	IRVBen	022007002
source_verse	mapping	missing_verse	IRVBen	022007003
source_verse	mapping	missing_verse	IRVBen	022007004
source_verse	mapping	missing_verse	IRVBen	022007005
source_verse	mapping	missing_verse	IRVBen	022007006
source_verse	mapping	missing_verse	IRVBen	022007007
source_verse	mapping	missing_verse	IRVBen	022007008
source_verse	mapping	missing_verse	IRVBen	022007009
source_verse	mapping	missing_verse	IRVBen	022007010
source_verse	mapping	missing_verse	IRVBen	022007011
source_verse	mapping	missing_verse	IRVBen	022007012
source_verse	mapping	missing_verse	IRVBen	022007013
source_verse	mapping	missing_verse	IRVBen	022007014
source_verse	mapping	missing_verse	IRVBen	023008023
source_verse	mapping	missing_verse	IRVBen	023009001
source_verse	mapping	missing_verse	IRVBen	023009002
source_verse	mapping	missing_verse	IRVBen	023009003
source_verse	mapping	missing_verse	IRVBen	023009004
source_verse	mapping	missing_verse	IRVBen	023009005
source_verse	mapping	missing_verse	IRVBen	023009006
source_verse	mapping	missing_verse	IRVBen	023009007
source_verse	mapping	missing_verse	IRVBen	023009008
source_verse	mapping	missing_verse	IRVBen	023009009
source_verse	mapping	missing_verse	IRVBen	023009010
source_verse	mapping	missing_verse	IRVBen	023009011
source_verse	mapping	missing_verse	IRVBen	023009012
source_verse	mapping	missing_verse	IRVBen	023009013
source_verse	mapping	missing_verse	IRVBen	023009014
source_verse	mapping	missing_verse	IRVBen	023009015
source_verse	mapping	missing_verse	IRVBen	023009016
source_verse	mapping	missing_verse	IRVBen	023009017
source_verse	mapping	missing_verse	IRVBen	023009018
source_verse	mapping	missing_verse	IRVBen	023009019
source_verse	mapping	missing_verse	IRVBen	023009020
source_verse	mapping	missing_verse	IRVBen	023064001
source_verse	mapping	missing_verse	IRVBen	023064002
source_verse	mapping	missing_verse	IRVBen	023064003
source_verse	mapping	missing_verse	IRVBen	023064004
source_verse	mapping	missing_verse	IRVBen	023064005
source_verse	mapping	missing_verse	IRVBen	023064006
source_verse	mapping	missing_verse	IRVBen	023064007
source_verse	mapping	missing_verse	IRVBen	023064008
source_verse	mapping	missing_verse	IRVBen	023064009
source_verse	mapping	missing_verse	IRVBen	023064010
source_verse	mapping	missing_verse	IRVBen	023064011
source_verse	mapping	missing_verse	IRVBen	024008023
source_verse	mapping	missing_verse	IRVBen	024009001
source_verse	mapping	missing_verse	IRVBen	024009002
source_verse	mapping	missing_verse	IRVBen	024009003
source_verse	mapping	missing_verse	IRVBen	024009004
source_verse	mapping	missing_verse	IRVBen	024009005
source_verse	mapping	missing_verse	IRVBen	024009006
source_verse	mapping	missing_verse	IRVBen	024009007
source_verse	mapping	missing_verse	IRVBen	024009008
source_verse	mapping	missing_verse	IRVBen	024009009
source_verse	mapping	missing_verse	IRVBen	024009010
source_verse	mapping	missing_verse	IRVBen	024009011
source_verse	mapping	missing_verse	IRVBen	024009012
source_verse	mapping	missing_verse	IRVBen	024009013
source_verse	mapping	missing_verse	IRVBen	024009014
source_verse	mapping	missing_verse	IRVBen	024009015
source_verse	mapping	missing_verse	IRVBen	024009016
source_verse	mapping	missing_verse	IRVBen	024009017
source_verse	mapping	missing_verse	IRVBen	024009018
source_verse	mapping	missing_verse	IRVBen	024009019
source_verse	mapping	missing_verse	IRVBen	024009020
source_verse	mapping	missing_verse	IRVBen	024009021
source_verse	mapping	missing_verse	IRVBen	024009022
source_verse	mapping	missing_verse	IRVBen	024009023
source_verse	mapping	missing_verse	IRVBen	024009024
source_verse	mapping	missing_verse	IRVBen	024009025
source_verse	mapping	missing_verse	IRVBen	026021001
source_verse	mapping	missing_verse	IRVBen	026021002
source_verse	mapping	missing_verse	IRVBen	026021003
source_verse	mapping	missing_verse	IRVBen	026021004
source_verse	mapping	missing_verse	IRVBen	026021005
source_verse	mapping	missing_verse	IRVBen	026021006
source_verse	mapping	missing_verse	IRVBen	026021007
source_verse	mapping	missing_verse	IRVBen	026021008
source_verse	mapping	missing_verse	IRVBen	026021009
source_verse	mapping	missing_verse	IRVBen	026021010
source_verse	mapping	missing_verse	IRVBen	026021011
source_verse	mapping	missing_verse	IRVBen	026021012
source_verse	mapping	missing_verse	IRVBen	026021013
source_verse	mapping	missing_verse	IRVBen	026021014
source_verse	mapping	missing_verse	IRVBen	026021015
source_verse	mapping	missing_verse	IRVBen	026021016
source_verse	mapping	missing_verse	IRVBen	026021017
source_verse	mapping	missing_verse	IRVBen	026021018
source_verse	mapping	missing_verse	IRVBen	026021019
source_verse	mapping	missing_verse	IRVBen	026021020
source_verse	mapping	missing_verse	IRVBen	026021021
source_verse	mapping	missing_verse	IRVBen	026021022
source_verse	mapping	missing_verse	IRVBen	026021023
source_verse	mapping	missing_verse	IRVBen	026021024
source_verse	mapping	missing_verse	IRVBen	026021025
source_verse	mapping	missing_verse	IRVBen	026021026
source_verse	mapping	missing_verse	IRVBen	026021027
source_verse	mapping	missing_verse	IRVBen	026021028
source_verse	mapping	missing_verse	IRVBen	026021029
source_verse	mapping	missing_verse	IRVBen	026021030
source_verse	mapping	missing_verse	IRVBen	026021031
source_verse	mapping	missing_verse	IRVBen	026021032
source_verse	mapping	missing_verse	IRVBen	026021033
source_verse	mapping	missing_verse	IRVBen	026021034
source_verse	mapping	missing_verse	IRVBen	026021035
source_verse	mapping	missing_verse	IRVBen	026021036
source_verse	mapping	missing_verse	IRVBen	026021037
source_verse	mapping	missing_verse	IRVBen	027003031
source_verse	mapping	missing_verse	IRVBen	027003032
source_verse	mapping	missing_verse	IRVBen	027003033
source_verse	mapping	missing_verse	IRVBen	027004001
source_verse	mapping	missing_verse	IRVBen	027004002
source_verse	mapping	missing_verse	IRVBen	027004003
source_verse	mapping	missing_verse	IRVBen	027004004
source_verse	mapping	missing_verse	IRVBen	027004005
source_verse	mapping	missing_verse	IRVBen	027004006
source_verse	mapping	missing_verse	IRVBen	027004007
source_verse	mapping	missing_verse	IRVBen	027004008
source_verse	mapping	missing_verse	IRVBen	027004009
source_verse	mapping	missing_verse	IRVBen	027004010
source_verse	mapping	missing_verse	IRVBen	027004011
source_verse	mapping	missing_verse	IRVBen	027004012
source_verse	mapping	missing_verse	IRVBen	027004013
source_verse	mapping	missing_verse	IRVBen	027004014
source_verse	mapping	missing_verse	IRVBen	027004015
source_verse	mapping	missing_verse	IRVBen	027004016
source_verse	mapping	missing_verse	IRVBen	027004017
source_verse	mapping	missing_verse	IRVBen	027004018
source_verse	mapping	missing_verse	IRVBen	027004019
source_verse	mapping	missing_verse	IRVBen	027004020
source_verse	mapping	missing_verse	IRVBen	027004021
source_verse	mapping	missing_verse	IRVBen	027004022
source_verse	mapping	missing_verse	IRVBen	027004023
source_verse	mapping	missing_verse	IRVBen	027004024
source_verse	mapping	missing_verse	IRVBen	027004025
source_verse	mapping	missing_verse	IRVBen	027004026
source_verse	mapping	missing_verse	IRVBen	027004027
source_verse	mapping	missing_verse	IRVBen	027004028
source_verse	mapping	missing_verse	IRVBen	027004029
source_verse	mapping	missing_verse	IRVBen	027004030
source_verse	mapping	missing_verse	IRVBen	027004031
source_verse	mapping	missing_verse	IRVBen	027004032
source_verse	mapping	missing_verse	IRVBen	027004033
source_verse	mapping	missing_verse	IRVBen	027004034
source_verse	mapping	missing_verse	IRVBen	027006001
source_verse	mapping	missing_verse	IRVBen	027006002
source_verse	mapping	missing_verse	IRVBen	027006003
source_verse	mapping	missing_verse	IRVBen	027006004
source_verse	mapping	missing_verse	IRVBen	027006005
source_verse	mapping	missing_verse	IRVBen	027006006
source_verse	mapping	missing_verse	IRVBen	027006007
source_verse	mapping	missing_verse	IRVBen	027006008
source_verse	mapping	missing_verse	IRVBen	027006009
source_verse	mapping	missing_verse	IRVBen	027006010
source_verse	mapping	missing_verse	IRVBen	027006011
source_verse	mapping	missing_verse	IRVBen	027006012
source_verse	mapping	missing_verse	IRVBen	027006013
source_verse	mapping	missing_verse	IRVBen	027006014
source_verse	mapping	missing_verse	IRVBen	027006015
source_verse	mapping	missing_verse	IRVBen	027006016
source_verse	mapping	missing_verse	IRVBen	027006017
source_verse	mapping	missing_verse	IRVBen	027006018
source_verse	mapping	missing_verse	IRVBen	027006019
source_verse	mapping	missing_verse	IRVBen	027006020
source_verse	mapping	missing_verse	IRVBen	027006021
source_verse	mapping	missing_verse	IRVBen	027006022
source_verse	mapping	missing_verse	IRVBen	027006023
source_verse	mapping	missing_verse	IRVBen	027006024
source_verse	mapping	missing_verse	IRVBen	027006025
source_verse	mapping	missing_verse	IRVBen	027006026
source_verse	mapping	missing_verse	IRVBen	027006027
source_verse	mapping	missing_verse	IRVBen	027006028
source_verse	mapping	missing_verse	IRVBen	027006029
source_verse	mapping	missing_verse	IRVBen	028002001
source_verse	mapping	missing_verse	IRVBen	028002002
source_verse	mapping	missing_verse	IRVBen	028002003
source_verse	mapping	missing_verse	IRVBen	028002004
source_verse	mapping	missing_verse	IRVBen	028002005
source_verse	mapping	missing_verse	IRVBen	028002006
source_verse	mapping	missing_verse	IRVBen	028002007
source_verse	mapping	missing_verse	IRVBen	028002008
source_verse	mapping	missing_verse	IRVBen	028002009
source_verse	mapping	missing_verse	IRVBen	028002010
source_verse	mapping	missing_verse	IRVBen	028002011
source_verse	mapping	missing_verse	IRVBen	028002012
source_verse	mapping	missing_verse	IRVBen	028002013
source_verse	mapping	missing_verse	IRVBen	028002014
source_verse	mapping	missing_verse	IRVBen	028002015
source_verse	mapping	missing_verse	IRVBen	028002016
source_verse	mapping	missing_verse	IRVBen	028002017
source_verse	mapping	missing_verse	IRVBen	028002018
source_verse	mapping	missing_verse	IRVBen	028002019
source_verse	mapping	missing_verse	IRVBen	028002020
source_verse	mapping	missing_verse	IRVBen	028002021
source_verse	mapping	missing_verse	IRVBen	028002022
source_verse	mapping	missing_verse	IRVBen	028002023
source_verse	mapping	missing_verse	IRVBen	028002024
source_verse	mapping	missing_verse	IRVBen	028002025
source_verse	mapping	missing_verse	IRVBen	028012001
source_verse	mapping	missing_verse	IRVBen	028012002
source_verse	mapping	missing_verse	IRVBen	028012003
source_verse	mapping	missing_verse	IRVBen	028012004
source_verse	mapping	missing_verse	IRVBen	028012005
source_verse	mapping	missing_verse	IRVBen	028012006
source_verse	mapping	missing_verse	IRVBen	028012007
source_verse	mapping	missing_verse	IRVBen	028012008
source_verse	mapping	missing_verse	IRVBen	028012009
source_verse	mapping	missing_verse	IRVBen	028012010
source_verse	mapping	missing_verse	IRVBen	028012011
source_verse	mapping	missing_verse	IRVBen	028012012
source_verse	mapping	missing_verse	IRVBen	028012013
source_verse	mapping	missing_verse	IRVBen	028012014
source_verse	mapping	missing_verse	IRVBen	028012015
source_verse	mapping	missing_verse	IRVBen	028014001
source_verse	mapping	missing_verse	IRVBen	028014002
source_verse	mapping	missing_verse	IRVBen	028014003
source_verse	mapping	missing_verse	IRVBen	028014004
source_verse	mapping	missing_verse	IRVBen	028014005
source_verse	mapping	missing_verse	IRVBen	028014006
source_verse	mapping	missing_verse	IRVBen	028014007
source_verse	mapping	missing_verse	IRVBen	028014008
source_verse	mapping	missing_verse	IRVBen	028014009
source_verse	mapping	missing_verse	IRVBen	028014010
source_verse	mapping	missing_verse	IRVBen	029003001
source_verse	mapping	missing_verse	IRVBen	029003002
source_verse	mapping	missing_verse	IRVBen	029003003
source_verse	mapping	missing_verse	IRVBen	029003004
source_verse	mapping	missing_verse	IRVBen	029003005
source_verse	mapping	missing_verse	IRVBen	029004001
source_verse	mapping	missing_verse	IRVBen	029004002
source_verse	mapping	missing_verse	IRVBen	029004003
source_verse	mapping	missing_verse	IRVBen	029004004
source_verse	mapping	missing_verse	IRVBen	029004005
source_verse	mapping	missing_verse	IRVBen	029004006
source_verse	mapping	missing_verse	IRVBen	029004007
source_verse	mapping	missing_verse	IRVBen	029004008
source_verse	mapping	missing_verse	IRVBen	029004009
source_verse	mapping	missing_verse	IRVBen	029004010
source_verse	mapping	missing_verse	IRVBen	029004011
source_verse	mapping	missing_verse	IRVBen	029004012
source_verse	mapping	missing_verse	IRVBen	029004013
source_verse	mapping	missing_verse	IRVBen	029004014
source_verse	mapping	missing_verse	IRVBen	029004015
source_verse	mapping	missing_verse	IRVBen	029004016
source_verse	mapping	missing_verse	IRVBen	029004017
source_verse	mapping	missing_verse	IRVBen	029004018
source_verse	mapping	missing_verse	IRVBen	029004019
source_verse	mapping	missing_verse	IRVBen	029004020
source_verse	mapping	missing_verse	IRVBen	029004021
source_verse	mapping	missing_verse	IRVBen	032002001
source_verse	mapping	missing_verse	IRVBen	032002002
source_verse	mapping	missing_verse	IRVBen	032002003
source_verse	mapping	missing_verse	IRVBen	032002004
source_verse	mapping	missing_verse	IRVBen	032002005
source_verse	mapping	missing_verse	IRVBen	032002006
source_verse	mapping	missing_verse	IRVBen	032002007
source_verse	mapping	missing_verse	IRVBen	032002008
source_verse	mapping	missing_verse	IRVBen	032002009
source_verse	mapping	missing_verse	IRVBen	032002010
source_verse	mapping	missing_verse	IRVBen	032002011
source_verse	mapping	missing_verse	IRVBen	033004014
source_verse	mapping	missing_verse	IRVBen	033005001
source_verse	mapping	missing_verse	IRVBen	033005002
source_verse	mapping	missing_verse	IRVBen	033005003
source_verse	mapping	missing_verse	IRVBen	033005004
source_verse	mapping	missing_verse	IRVBen	033005005
source_verse	mapping	missing_verse	IRVBen	033005006
source_verse	mapping	missing_verse	IRVBen	033005007
source_verse	mapping	missing_verse	IRVBen	033005008
source_verse	mapping	missing_verse	IRVBen	033005009
source_verse	mapping	missing_verse	IRVBen	033005010
source_verse	mapping	missing_verse	IRVBen	033005011
source_verse	mapping	missing_verse	IRVBen	033005012
source_verse	mapping	missing_verse	IRVBen	033005013
source_verse	mapping	missing_verse	IRVBen	033005014
source_verse	mapping	missing_verse	IRVBen	034002001
source_verse	mapping	missing_verse	IRVBen	034002002
source_verse	mapping	missing_verse	IRVBen	034002003
source_verse	mapping	missing_verse	IRVBen	034002004
source_verse	mapping	missing_verse	IRVBen	034002005
source_verse	mapping	missing_verse	IRVBen	034002006
source_verse	mapping	missing_verse	IRVBen	034002007
source_verse	mapping	missing_verse	IRVBen	034002008
source_verse	mapping	missing_verse	IRVBen	034002009
source_verse	mapping	missing_verse	IRVBen	034002010
source_verse	mapping	missing_verse	IRVBen	034002011
source_verse	mapping	missing_verse	IRVBen	034002012
source_verse	mapping	missing_verse	IRVBen	034002013
source_verse	mapping	missing_verse	IRVBen	034002014
source_verse	mapping	missing_verse	IRVBen	038002001
source_verse	mapping	missing_verse	IRVBen	038002002
source_verse	mapping	missing_verse	IRVBen	038002003
source_verse	mapping	missing_verse	IRVBen	038002004
source_verse	mapping	missing_verse	IRVBen	038002005
source_verse	mapping	missing_verse	IRVBen	038002006
source_verse	mapping	missing_verse	IRVBen	038002007
source_verse	mapping	missing_verse	IRVBen	038002008
source_verse	mapping	missing_verse	IRVBen	038002009
source_verse	mapping	missing_verse	IRVBen	038002010
source_verse	mapping	missing_verse	IRVBen	038002011
source_verse	mapping	missing_verse	IRVBen	038002012
source_verse	mapping	missing_verse	IRVBen	038002013
source_verse	mapping	missing_verse	IRVBen	038002014
source_verse	mapping	missing_verse	IRVBen	038002015
source_verse	mapping	missing_verse	IRVBen	038002016
source_verse	mapping	missing_verse	IRVBen	038002017
source_verse	mapping	missing_verse	IRVBen	039003019
source_verse	mapping	missing_verse	IRVBen	039003020
source_verse	mapping	missing_verse	IRVBen	039003021
source_verse	mapping	missing_verse	IRVBen	039003022
source_verse	mapping	missing_verse	IRVBen	039003023
source_verse	mapping	missing_verse	IRVBen	039003024
source_verse	mapping	missing_verse	IRVBen	044019040
source_verse	mapping	missing_verse	IRVBen	044019040
source_verse	mapping	missing_verse	IRVBen	047013012
source_verse	mapping	missing_verse	IRVBen	047013013
