target_verse	size	extra_verse	SRUV06	17001
target_verse	size	missing_verse	SRUV06	18001
target_verse	size	missing_verse	SRUV06	18002
target_verse	size	missing_verse	SRUV06	18003
target_verse	size	missing_verse	SRUV06	18004
target_verse	size	missing_verse	SRUV06	18005
target_verse	size	missing_verse	SRUV06	18006
target_verse	size	missing_verse	SRUV06	18007
target_verse	size	missing_verse	SRUV06	18008
target_verse	size	missing_verse	SRUV06	18009
target_verse	size	missing_verse	SRUV06	18010
target_verse	size	missing_verse	SRUV06	18011
target_verse	size	missing_verse	SRUV06	18012
target_verse	size	missing_verse	SRUV06	18013
target_verse	size	missing_verse	SRUV06	18014
target_verse	size	missing_verse	SRUV06	18015
target_verse	size	missing_verse	SRUV06	18016
target_verse	size	missing_verse	SRUV06	18017
target_verse	size	extra_verse	SRUV06	18018
target_verse	size	missing_verse	SRUV06	18019
target_verse	size	missing_verse	SRUV06	18020
target_verse	size	missing_verse	SRUV06	18021
target_verse	size	extra_verse	SRUV06	18022
target_verse	size	missing_verse	SRUV06	18023
target_verse	size	missing_verse	SRUV06	18024
target_verse	size	extra_verse	SRUV06	18025
target_verse	size	missing_verse	SRUV06	18026
target_verse	size	missing_verse	SRUV06	18027
target_verse	size	missing_verse	SRUV06	18028
target_verse	size	missing_verse	SRUV06	18029
target_verse	size	missing_verse	SRUV06	18030
target_verse	size	missing_verse	SRUV06	18031
target_verse	size	missing_verse	SRUV06	18032
target_verse	size	missing_verse	SRUV06	18033
target_verse	size	missing_verse	SRUV06	18034
target_verse	size	extra_verse	SRUV06	18035
target_verse	size	missing_verse	SRUV06	18036
target_verse	size	extra_verse	SRUV06	18037
target_verse	size	missing_verse	SRUV06	18038
target_verse	size	missing_verse	SRUV06	18039
target_verse	size	missing_verse	SRUV06	18040
target_verse	size	missing_verse	SRUV06	18041
target_verse	size	missing_verse	SRUV06	18042
target_verse	size	extra_verse	SRUV06	19001
target_verse	size	extra_verse	SRUV06	19002
target_verse	size	extra_verse	SRUV06	19003
target_verse	size	extra_verse	SRUV06	19004
target_verse	size	extra_verse	SRUV06	19005
target_verse	size	extra_verse	SRUV06	19006
target_verse	size	extra_verse	SRUV06	19007
target_verse	size	extra_verse	SRUV06	19008
target_verse	size	missing_verse	SRUV06	19009
target_verse	size	extra_verse	SRUV06	19010
target_verse	size	extra_verse	SRUV06	19011
target_verse	size	extra_verse	SRUV06	19012
target_verse	size	extra_verse	SRUV06	19013
target_verse	size	extra_verse	SRUV06	19014
target_verse	size	extra_verse	SRUV06	19015
target_verse	size	extra_verse	SRUV06	19016
target_verse	size	extra_verse	SRUV06	19017
target_verse	size	missing_verse	SRUV06	19018
target_verse	size	extra_verse	SRUV06	19019
target_verse	size	extra_verse	SRUV06	19020
target_verse	size	extra_verse	SRUV06	19021
target_verse	size	missing_verse	SRUV06	19022
target_verse	size	extra_verse	SRUV06	19023
target_verse	size	extra_verse	SRUV06	19024
target_verse	size	extra_verse	SRUV06	19025
target_verse	size	extra_verse	SRUV06	19026
target_verse	size	extra_verse	SRUV06	19027
target_verse	size	extra_verse	SRUV06	19028
target_verse	size	extra_verse	SRUV06	19029
target_verse	size	extra_verse	SRUV06	19030
target_verse	size	extra_verse	SRUV06	19031
target_verse	size	missing_verse	SRUV06	19032
target_verse	size	missing_chapter	SRUV06	19033
target_verse	size	missing_chapter	SRUV06	19034
target_verse	size	missing_chapter	SRUV06	19035
target_verse	size	missing_chapter	SRUV06	19036
target_verse	size	missing_chapter	SRUV06	19037
target_verse	size	missing_chapter	SRUV06	19038
target_verse	size	missing_chapter	SRUV06	19039
target_verse	size	missing_chapter	SRUV06	19040
target_verse	size	missing_chapter	SRUV06	19041
target_verse	size	missing_chapter	SRUV06	19042
target_verse	size	missing_chapter	SRUV06	19043
target_verse	size	missing_chapter	SRUV06	19044
target_verse	size	missing_chapter	SRUV06	19045
target_verse	size	missing_chapter	SRUV06	19046
target_verse	size	missing_chapter	SRUV06	19047
target_verse	size	missing_chapter	SRUV06	19048
target_verse	size	missing_chapter	SRUV06	19049
target_verse	size	missing_chapter	SRUV06	19050
target_verse	size	missing_chapter	SRUV06	19051
target_verse	size	missing_chapter	SRUV06	19052
target_verse	size	missing_chapter	SRUV06	19053
target_verse	size	missing_chapter	SRUV06	19054
target_verse	size	missing_chapter	SRUV06	19055
target_verse	size	missing_chapter	SRUV06	19056
target_verse	size	missing_chapter	SRUV06	19057
target_verse	size	missing_chapter	SRUV06	19058
target_verse	size	missing_chapter	SRUV06	19059
target_verse	size	missing_chapter	SRUV06	19060
target_verse	size	missing_chapter	SRUV06	19061
target_verse	size	missing_chapter	SRUV06	19062
target_verse	size	missing_chapter	SRUV06	19063
target_verse	size	missing_chapter	SRUV06	19064
target_verse	size	missing_chapter	SRUV06	19065
target_verse	size	missing_chapter	SRUV06	19066
target_verse	size	missing_chapter	SRUV06	19067
target_verse	size	missing_chapter	SRUV06	19068
target_verse	size	missing_chapter	SRUV06	19069
target_verse	size	missing_chapter	SRUV06	19070
target_verse	size	missing_chapter	SRUV06	19071
target_verse	size	missing_chapter	SRUV06	19072
target_verse	size	missing_chapter	SRUV06	19073
target_verse	size	missing_chapter	SRUV06	19074
target_verse	size	missing_chapter	SRUV06	19075
target_verse	size	missing_chapter	SRUV06	19076
target_verse	size	missing_chapter	SRUV06	19077
target_verse	size	missing_chapter	SRUV06	19078
target_verse	size	missing_chapter	SRUV06	19079
target_verse	size	missing_chapter	SRUV06	19080
target_verse	size	missing_chapter	SRUV06	19081
target_verse	size	missing_chapter	SRUV06	19082
target_verse	size	missing_chapter	SRUV06	19083
target_verse	size	missing_chapter	SRUV06	19084
target_verse	size	missing_chapter	SRUV06	19085
target_verse	size	missing_chapter	SRUV06	19086
target_verse	size	missing_chapter	SRUV06	19087
target_verse	size	missing_chapter	SRUV06	19088
target_verse	size	missing_chapter	SRUV06	19089
target_verse	size	missing_chapter	SRUV06	19090
target_verse	size	missing_chapter	SRUV06	19091
target_verse	size	missing_chapter	SRUV06	19092
target_verse	size	missing_chapter	SRUV06	19093
target_verse	size	missing_chapter	SRUV06	19094
target_verse	size	missing_chapter	SRUV06	19095
target_verse	size	missing_chapter	SRUV06	19096
target_verse	size	missing_chapter	SRUV06	19097
target_verse	size	missing_chapter	SRUV06	19098
target_verse	size	missing_chapter	SRUV06	19099
target_verse	size	missing_chapter	SRUV06	19100
target_verse	size	missing_chapter	SRUV06	19101
target_verse	size	missing_chapter	SRUV06	19102
target_verse	size	missing_chapter	SRUV06	19103
target_verse	size	missing_chapter	SRUV06	19104
target_verse	size	missing_chapter	SRUV06	19105
target_verse	size	missing_chapter	SRUV06	19106
target_verse	size	missing_chapter	SRUV06	19107
target_verse	size	missing_chapter	SRUV06	19108
target_verse	size	missing_chapter	SRUV06	19109
target_verse	size	missing_chapter	SRUV06	19110
target_verse	size	missing_chapter	SRUV06	19111
target_verse	size	missing_chapter	SRUV06	19112
target_verse	size	missing_chapter	SRUV06	19113
target_verse	size	missing_chapter	SRUV06	19114
target_verse	size	missing_chapter	SRUV06	19115
target_verse	size	missing_chapter	SRUV06	19116
target_verse	size	missing_chapter	SRUV06	19117
target_verse	size	missing_chapter	SRUV06	19118
target_verse	size	missing_chapter	SRUV06	19119
target_verse	size	missing_chapter	SRUV06	19120
target_verse	size	missing_chapter	SRUV06	19121
target_verse	size	missing_chapter	SRUV06	19122
target_verse	size	missing_chapter	SRUV06	19123
target_verse	size	missing_chapter	SRUV06	19124
target_verse	size	missing_chapter	SRUV06	19125
target_verse	size	missing_chapter	SRUV06	19126
target_verse	size	missing_chapter	SRUV06	19127
target_verse	size	missing_chapter	SRUV06	19128
target_verse	size	missing_chapter	SRUV06	19129
target_verse	size	missing_chapter	SRUV06	19130
target_verse	size	missing_chapter	SRUV06	19131
target_verse	size	missing_chapter	SRUV06	19132
target_verse	size	missing_chapter	SRUV06	19133
target_verse	size	missing_chapter	SRUV06	19134
target_verse	size	missing_chapter	SRUV06	19135
target_verse	size	missing_chapter	SRUV06	19136
target_verse	size	missing_chapter	SRUV06	19137
target_verse	size	missing_chapter	SRUV06	19138
target_verse	size	missing_chapter	SRUV06	19139
target_verse	size	missing_chapter	SRUV06	19140
target_verse	size	missing_chapter	SRUV06	19141
target_verse	size	missing_chapter	SRUV06	19142
target_verse	size	missing_chapter	SRUV06	19143
target_verse	size	missing_chapter	SRUV06	19144
target_verse	size	missing_chapter	SRUV06	19145
target_verse	size	missing_chapter	SRUV06	19146
target_verse	size	missing_chapter	SRUV06	19147
target_verse	size	missing_chapter	SRUV06	19148
target_verse	size	missing_chapter	SRUV06	19149
target_verse	size	missing_chapter	SRUV06	19150
target_verse	size	missing_verse	SRUV06	20001
target_verse	size	extra_verse	SRUV06	20002
target_verse	size	missing_verse	SRUV06	20003
target_verse	size	missing_verse	SRUV06	20004
target_verse	size	missing_verse	SRUV06	20005
target_verse	size	missing_verse	SRUV06	20006
target_verse	size	extra_verse	SRUV06	20007
target_verse	size	missing_verse	SRUV06	20008
target_verse	size	missing_verse	SRUV06	20010
target_verse	size	missing_verse	SRUV06	20011
target_verse	size	missing_verse	SRUV06	20012
target_verse	size	missing_verse	SRUV06	20013
target_verse	size	missing_chapter	SRUV06	20014
target_verse	size	missing_chapter	SRUV06	20015
target_verse	size	missing_chapter	SRUV06	20016
target_verse	size	missing_chapter	SRUV06	20017
target_verse	size	missing_chapter	SRUV06	20018
target_verse	size	missing_chapter	SRUV06	20019
target_verse	size	missing_chapter	SRUV06	20020
target_verse	size	missing_chapter	SRUV06	20021
target_verse	size	missing_chapter	SRUV06	20022
target_verse	size	missing_chapter	SRUV06	20023
target_verse	size	missing_chapter	SRUV06	20024
target_verse	size	missing_chapter	SRUV06	20025
target_verse	size	missing_chapter	SRUV06	20026
target_verse	size	missing_chapter	SRUV06	20027
target_verse	size	missing_chapter	SRUV06	20028
target_verse	size	missing_chapter	SRUV06	20029
target_verse	size	missing_chapter	SRUV06	20030
target_verse	size	missing_chapter	SRUV06	20031
target_verse	size	missing_verse	SRUV06	21001
target_verse	size	missing_verse	SRUV06	21002
target_verse	size	missing_verse	SRUV06	21003
target_verse	size	missing_verse	SRUV06	21005
target_verse	size	extra_verse	SRUV06	21006
target_verse	size	missing_verse	SRUV06	21007
target_verse	size	missing_verse	SRUV06	21008
target_verse	size	missing_verse	SRUV06	21009
target_verse	size	missing_chapter	SRUV06	21010
target_verse	size	missing_chapter	SRUV06	21011
target_verse	size	missing_chapter	SRUV06	21012
target_verse	size	extra_verse	SRUV06	22001
target_verse	size	extra_verse	SRUV06	22002
target_verse	size	extra_verse	SRUV06	22003
target_verse	size	missing_verse	SRUV06	22004
target_verse	size	extra_verse	SRUV06	22005
target_verse	size	extra_verse	SRUV06	22007
target_verse	size	extra_verse	SRUV06	22008
target_verse	size	missing_verse	SRUV06	23001
target_verse	size	extra_verse	SRUV06	23002
target_verse	size	missing_verse	SRUV06	23003
target_verse	size	extra_verse	SRUV06	23004
target_verse	size	extra_verse	SRUV06	23005
target_verse	size	extra_verse	SRUV06	23006
target_verse	size	extra_verse	SRUV06	23007
target_verse	size	extra_verse	SRUV06	23009
target_verse	size	missing_verse	SRUV06	23010
target_verse	size	extra_verse	SRUV06	23011
target_verse	size	extra_verse	SRUV06	23012
target_verse	size	extra_verse	SRUV06	23013
target_verse	size	missing_verse	SRUV06	23014
target_verse	size	extra_verse	SRUV06	23015
target_verse	size	extra_verse	SRUV06	23016
target_verse	size	extra_verse	SRUV06	23017
target_verse	size	extra_verse	SRUV06	23018
target_verse	size	missing_verse	SRUV06	23019
target_verse	size	extra_verse	SRUV06	23020
target_verse	size	missing_verse	SRUV06	23021
target_verse	size	extra_verse	SRUV06	23022
target_verse	size	extra_verse	SRUV06	23023
target_verse	size	missing_verse	SRUV06	23024
target_verse	size	extra_verse	SRUV06	23025
target_verse	size	extra_verse	SRUV06	23026
target_verse	size	extra_verse	SRUV06	23027
target_verse	size	missing_verse	SRUV06	23028
target_verse	size	extra_verse	SRUV06	23029
target_verse	size	missing_verse	SRUV06	23030
target_verse	size	extra_verse	SRUV06	23031
target_verse	size	extra_verse	SRUV06	23032
target_verse	size	extra_verse	SRUV06	23033
target_verse	size	extra_verse	SRUV06	23034
target_verse	size	extra_verse	SRUV06	23035
target_verse	size	extra_verse	SRUV06	23036
target_verse	size	missing_verse	SRUV06	23037
target_verse	size	extra_verse	SRUV06	23038
target_verse	size	extra_verse	SRUV06	23039
target_verse	size	missing_verse	SRUV06	23040
target_verse	size	missing_verse	SRUV06	23041
target_verse	size	missing_verse	SRUV06	23042
target_verse	size	missing_verse	SRUV06	23043
target_verse	size	extra_verse	SRUV06	23044
target_verse	size	missing_verse	SRUV06	23045
target_verse	size	extra_verse	SRUV06	23046
target_verse	size	missing_verse	SRUV06	23047
target_verse	size	extra_verse	SRUV06	23048
target_verse	size	extra_verse	SRUV06	23049
target_verse	size	extra_verse	SRUV06	23050
target_verse	size	extra_verse	SRUV06	23051
target_verse	size	extra_verse	SRUV06	23052
target_verse	size	missing_verse	SRUV06	23053
target_verse	size	missing_chapter	SRUV06	23054
target_verse	size	missing_chapter	SRUV06	23055
target_verse	size	missing_chapter	SRUV06	23056
target_verse	size	missing_chapter	SRUV06	23057
target_verse	size	missing_chapter	SRUV06	23058
target_verse	size	missing_chapter	SRUV06	23059
target_verse	size	missing_chapter	SRUV06	23060
target_verse	size	missing_chapter	SRUV06	23061
target_verse	size	missing_chapter	SRUV06	23062
target_verse	size	missing_chapter	SRUV06	23063
target_verse	size	missing_chapter	SRUV06	23064
target_verse	size	missing_chapter	SRUV06	23065
target_verse	size	missing_chapter	SRUV06	23066
target_verse	size	extra_verse	SRUV06	24001
target_verse	size	missing_verse	SRUV06	24002
target_verse	size	extra_verse	SRUV06	24003
target_verse	size	missing_verse	SRUV06	24004
target_verse	size	missing_verse	SRUV06	24005
target_verse	size	missing_verse	SRUV06	24006
target_verse	size	missing_chapter	SRUV06	24007
target_verse	size	missing_chapter	SRUV06	24008
target_verse	size	missing_chapter	SRUV06	24009
target_verse	size	missing_chapter	SRUV06	24010
target_verse	size	missing_chapter	SRUV06	24011
target_verse	size	missing_chapter	SRUV06	24012
target_verse	size	missing_chapter	SRUV06	24013
target_verse	size	missing_chapter	SRUV06	24014
target_verse	size	missing_chapter	SRUV06	24015
target_verse	size	missing_chapter	SRUV06	24016
target_verse	size	missing_chapter	SRUV06	24017
target_verse	size	missing_chapter	SRUV06	24018
target_verse	size	missing_chapter	SRUV06	24019
target_verse	size	missing_chapter	SRUV06	24020
target_verse	size	missing_chapter	SRUV06	24021
target_verse	size	missing_chapter	SRUV06	24022
target_verse	size	missing_chapter	SRUV06	24023
target_verse	size	missing_chapter	SRUV06	24024
target_verse	size	missing_chapter	SRUV06	24025
target_verse	size	missing_chapter	SRUV06	24026
target_verse	size	missing_chapter	SRUV06	24027
target_verse	size	missing_chapter	SRUV06	24028
target_verse	size	missing_chapter	SRUV06	24029
target_verse	size	missing_chapter	SRUV06	24030
target_verse	size	missing_chapter	SRUV06	24031
target_verse	size	missing_chapter	SRUV06	24032
target_verse	size	missing_chapter	SRUV06	24033
target_verse	size	missing_chapter	SRUV06	24034
target_verse	size	missing_chapter	SRUV06	24035
target_verse	size	missing_chapter	SRUV06	24036
target_verse	size	missing_chapter	SRUV06	24037
target_verse	size	missing_chapter	SRUV06	24038
target_verse	size	missing_chapter	SRUV06	24039
target_verse	size	missing_chapter	SRUV06	24040
target_verse	size	missing_chapter	SRUV06	24041
target_verse	size	missing_chapter	SRUV06	24042
target_verse	size	missing_chapter	SRUV06	24043
target_verse	size	missing_chapter	SRUV06	24044
target_verse	size	missing_chapter	SRUV06	24045
target_verse	size	missing_chapter	SRUV06	24046
target_verse	size	missing_chapter	SRUV06	24047
target_verse	size	missing_chapter	SRUV06	24048
target_verse	size	missing_chapter	SRUV06	24049
target_verse	size	missing_chapter	SRUV06	24050
target_verse	size	missing_chapter	SRUV06	24051
target_verse	size	missing_chapter	SRUV06	24052
target_verse	size	extra_verse	SRUV06	25001
target_verse	size	missing_verse	SRUV06	25002
target_verse	size	missing_verse	SRUV06	25003
target_verse	size	missing_verse	SRUV06	25004
target_verse	size	missing_verse	SRUV06	25005
target_verse	size	missing_verse	SRUV06	26001
target_verse	size	extra_verse	SRUV06	26002
target_verse	size	missing_verse	SRUV06	26003
target_verse	size	extra_verse	SRUV06	26004
target_verse	size	missing_verse	SRUV06	26005
target_verse	size	missing_verse	SRUV06	26006
target_verse	size	missing_verse	SRUV06	26007
target_verse	size	missing_verse	SRUV06	26008
target_verse	size	extra_verse	SRUV06	26009
target_verse	size	missing_verse	SRUV06	26010
target_verse	size	missing_verse	SRUV06	26011
target_verse	size	missing_verse	SRUV06	26012
target_verse	size	missing_verse	SRUV06	26013
target_verse	size	missing_verse	SRUV06	26014
target_verse	size	missing_verse	SRUV06	26015
target_verse	size	missing_chapter	SRUV06	26016
target_verse	size	missing_chapter	SRUV06	26017
target_verse	size	missing_chapter	SRUV06	26018
target_verse	size	missing_chapter	SRUV06	26019
target_verse	size	missing_chapter	SRUV06	26020
target_verse	size	missing_chapter	SRUV06	26021
target_verse	size	missing_chapter	SRUV06	26022
target_verse	size	missing_chapter	SRUV06	26023
target_verse	size	missing_chapter	SRUV06	26024
target_verse	size	missing_chapter	SRUV06	26025
target_verse	size	missing_chapter	SRUV06	26026
target_verse	size	missing_chapter	SRUV06	26027
target_verse	size	missing_chapter	SRUV06	26028
target_verse	size	missing_chapter	SRUV06	26029
target_verse	size	missing_chapter	SRUV06	26030
target_verse	size	missing_chapter	SRUV06	26031
target_verse	size	missing_chapter	SRUV06	26032
target_verse	size	missing_chapter	SRUV06	26033
target_verse	size	missing_chapter	SRUV06	26034
target_verse	size	missing_chapter	SRUV06	26035
target_verse	size	missing_chapter	SRUV06	26036
target_verse	size	missing_chapter	SRUV06	26037
target_verse	size	missing_chapter	SRUV06	26038
target_verse	size	missing_chapter	SRUV06	26039
target_verse	size	missing_chapter	SRUV06	26040
target_verse	size	missing_chapter	SRUV06	26041
target_verse	size	missing_chapter	SRUV06	26042
target_verse	size	missing_chapter	SRUV06	26043
target_verse	size	missing_chapter	SRUV06	26044
target_verse	size	missing_chapter	SRUV06	26045
target_verse	size	missing_chapter	SRUV06	26046
target_verse	size	missing_chapter	SRUV06	26047
target_verse	size	missing_chapter	SRUV06	26048
target_verse	size	extra_verse	SRUV06	27001
target_verse	size	extra_verse	SRUV06	28001
target_verse	size	missing_verse	SRUV06	28002
target_verse	size	extra_verse	SRUV06	28003
target_verse	size	missing_verse	SRUV06	28004
target_verse	size	extra_verse	SRUV06	28005
target_verse	size	extra_verse	SRUV06	28006
target_verse	size	extra_verse	SRUV06	28007
target_verse	size	missing_verse	SRUV06	28009
target_verse	size	missing_verse	SRUV06	28010
target_verse	size	missing_chapter	SRUV06	28011
target_verse	size	missing_chapter	SRUV06	28012
target_verse	size	missing_chapter	SRUV06	28013
target_verse	size	missing_chapter	SRUV06	28014
target_verse	size	extra_verse	SRUV06	29001
target_verse	size	missing_verse	SRUV06	29002
target_verse	size	missing_chapter	SRUV06	29003
target_verse	size	extra_verse	SRUV06	30001
target_verse	size	missing_verse	SRUV06	30002
target_verse	size	missing_verse	SRUV06	30003
target_verse	size	missing_verse	SRUV06	30004
target_verse	size	missing_verse	SRUV06	30005
target_verse	size	missing_chapter	SRUV06	30006
target_verse	size	missing_chapter	SRUV06	30007
target_verse	size	missing_chapter	SRUV06	30008
target_verse	size	missing_chapter	SRUV06	30009
target_verse	size	missing_verse	SRUV06	31001
target_verse	size	missing_verse	SRUV06	32001
target_verse	size	extra_verse	SRUV06	32002
target_verse	size	extra_verse	SRUV06	32003
target_verse	size	missing_verse	SRUV06	32004
target_verse	size	extra_verse	SRUV06	33001
target_verse	size	extra_verse	SRUV06	33002
target_verse	size	extra_verse	SRUV06	33003
target_verse	size	missing_verse	SRUV06	33004
target_verse	size	missing_chapter	SRUV06	33005
target_verse	size	missing_chapter	SRUV06	33006
target_verse	size	missing_chapter	SRUV06	33007
target_verse	size	extra_verse	SRUV06	34001
target_verse	size	extra_verse	SRUV06	34002
target_verse	size	extra_verse	SRUV06	34003
target_verse	size	missing_verse	SRUV06	35001
target_verse	size	extra_verse	SRUV06	35002
target_verse	size	missing_verse	SRUV06	35003
target_verse	size	extra_verse	SRUV06	36001
target_verse	size	missing_verse	SRUV06	36002
target_verse	size	missing_verse	SRUV06	36003
target_verse	size	missing_verse	SRUV06	37001
target_verse	size	missing_verse	SRUV06	37002
target_verse	size	extra_verse	SRUV06	38001
target_verse	size	extra_verse	SRUV06	38002
target_verse	size	extra_verse	SRUV06	38003
target_verse	size	extra_verse	SRUV06	38004
target_verse	size	extra_verse	SRUV06	38005
target_verse	size	extra_verse	SRUV06	38006
target_verse	size	extra_verse	SRUV06	38007
target_verse	size	extra_verse	SRUV06	38008
target_verse	size	extra_verse	SRUV06	38009
target_verse	size	extra_verse	SRUV06	38010
target_verse	size	extra_verse	SRUV06	38011
target_verse	size	extra_verse	SRUV06	38012
target_verse	size	extra_verse	SRUV06	38013
target_verse	size	extra_verse	SRUV06	38014
target_verse	size	extra_verse	SRUV06	39001
target_verse	size	extra_verse	SRUV06	39002
target_verse	size	extra_verse	SRUV06	39003
target_verse	size	extra_verse	SRUV06	39004
target_verse	size	extra_verse	SRUV06	40001
target_verse	size	extra_verse	SRUV06	40002
target_verse	size	extra_verse	SRUV06	40003
target_verse	size	extra_verse	SRUV06	40004
target_verse	size	missing_verse	SRUV06	40005
target_verse	size	extra_verse	SRUV06	40006
target_verse	size	extra_verse	SRUV06	40007
target_verse	size	extra_verse	SRUV06	40008
target_verse	size	extra_verse	SRUV06	40009
target_verse	size	extra_verse	SRUV06	40011
target_verse	size	extra_verse	SRUV06	40012
target_verse	size	missing_verse	SRUV06	40013
target_verse	size	missing_verse	SRUV06	40014
target_verse	size	missing_verse	SRUV06	40015
target_verse	size	extra_verse	SRUV06	40016
target_verse	size	extra_verse	SRUV06	40017
target_verse	size	extra_verse	SRUV06	40018
target_verse	size	extra_verse	SRUV06	40019
target_verse	size	extra_verse	SRUV06	40020
target_verse	size	missing_verse	SRUV06	40021
target_verse	size	extra_verse	SRUV06	40022
target_verse	size	extra_verse	SRUV06	40023
target_verse	size	extra_verse	SRUV06	40024
target_verse	size	missing_verse	SRUV06	40025
target_verse	size	missing_chapter	SRUV06	40026
target_verse	size	missing_chapter	SRUV06	40027
target_verse	size	missing_chapter	SRUV06	40028
target_verse	size	extra_verse	SRUV06	41001
target_verse	size	missing_verse	SRUV06	41002
target_verse	size	extra_verse	SRUV06	41003
target_verse	size	extra_verse	SRUV06	41004
target_verse	size	extra_verse	SRUV06	41005
target_verse	size	extra_verse	SRUV06	41006
target_verse	size	extra_verse	SRUV06	41007
target_verse	size	extra_verse	SRUV06	41008
target_verse	size	missing_verse	SRUV06	41009
target_verse	size	missing_verse	SRUV06	41010
target_verse	size	extra_verse	SRUV06	41011
target_verse	size	extra_verse	SRUV06	41012
target_verse	size	extra_verse	SRUV06	41013
target_verse	size	missing_verse	SRUV06	41014
target_verse	size	missing_verse	SRUV06	41015
target_verse	size	extra_verse	SRUV06	41016
target_verse	size	missing_verse	SRUV06	42001
target_verse	size	missing_verse	SRUV06	42002
target_verse	size	missing_verse	SRUV06	42003
target_verse	size	missing_verse	SRUV06	42004
target_verse	size	extra_verse	SRUV06	42005
target_verse	size	missing_verse	SRUV06	42006
target_verse	size	extra_verse	SRUV06	42007
target_verse	size	missing_verse	SRUV06	42008
target_verse	size	missing_verse	SRUV06	42009
target_verse	size	extra_verse	SRUV06	42010
target_verse	size	missing_verse	SRUV06	42011
target_verse	size	missing_verse	SRUV06	42012
target_verse	size	extra_verse	SRUV06	42013
target_verse	size	missing_verse	SRUV06	42014
target_verse	size	extra_verse	SRUV06	42015
target_verse	size	extra_verse	SRUV06	42016
target_verse	size	missing_verse	SRUV06	42017
target_verse	size	missing_verse	SRUV06	42018
target_verse	size	missing_verse	SRUV06	42019
target_verse	size	missing_verse	SRUV06	42020
target_verse	size	extra_verse	SRUV06	42021
target_verse	size	missing_verse	SRUV06	42022
target_verse	size	missing_verse	SRUV06	42023
target_verse	size	missing_verse	SRUV06	42024
target_verse	size	missing_verse	SRUV06	43001
target_verse	size	extra_verse	SRUV06	43002
target_verse	size	missing_verse	SRUV06	43003
target_verse	size	missing_verse	SRUV06	43004
target_verse	size	missing_verse	SRUV06	43005
target_verse	size	missing_verse	SRUV06	43006
target_verse	size	missing_verse	SRUV06	43007
target_verse	size	missing_verse	SRUV06	43008
target_verse	size	missing_verse	SRUV06	43009
target_verse	size	missing_verse	SRUV06	43010
target_verse	size	missing_verse	SRUV06	43011
target_verse	size	missing_verse	SRUV06	43012
target_verse	size	missing_verse	SRUV06	43013
target_verse	size	missing_verse	SRUV06	43014
target_verse	size	extra_verse	SRUV06	43015
target_verse	size	missing_verse	SRUV06	43016
target_verse	size	missing_verse	SRUV06	43017
target_verse	size	missing_chapter	SRUV06	43018
target_verse	size	missing_chapter	SRUV06	43019
target_verse	size	missing_chapter	SRUV06	43020
target_verse	size	missing_chapter	SRUV06	43021
target_verse	size	extra_verse	SRUV06	44001
target_verse	size	missing_verse	SRUV06	44002
target_verse	size	missing_verse	SRUV06	44003
target_verse	size	missing_verse	SRUV06	44004
target_verse	size	missing_verse	SRUV06	44005
target_verse	size	extra_verse	SRUV06	44006
target_verse	size	missing_verse	SRUV06	44007
target_verse	size	missing_verse	SRUV06	44008
target_verse	size	missing_verse	SRUV06	44009
target_verse	size	missing_verse	SRUV06	44010
target_verse	size	extra_verse	SRUV06	44011
target_verse	size	extra_verse	SRUV06	44012
target_verse	size	missing_verse	SRUV06	44013
target_verse	size	extra_verse	SRUV06	44014
target_verse	size	extra_verse	SRUV06	44015
target_verse	size	missing_verse	SRUV06	44016
target_verse	size	missing_verse	SRUV06	44017
target_verse	size	missing_chapter	SRUV06	44018
target_verse	size	missing_chapter	SRUV06	44019
target_verse	size	missing_chapter	SRUV06	44020
target_verse	size	missing_chapter	SRUV06	44021
target_verse	size	missing_chapter	SRUV06	44022
target_verse	size	missing_chapter	SRUV06	44023
target_verse	size	missing_chapter	SRUV06	44024
target_verse	size	missing_chapter	SRUV06	44025
target_verse	size	missing_chapter	SRUV06	44026
target_verse	size	missing_chapter	SRUV06	44027
target_verse	size	missing_chapter	SRUV06	44028
target_verse	size	missing_verse	SRUV06	45001
target_verse	size	missing_verse	SRUV06	45002
target_verse	size	missing_verse	SRUV06	45003
target_verse	size	missing_verse	SRUV06	45004
target_verse	size	missing_verse	SRUV06	45006
target_verse	size	missing_verse	SRUV06	45007
target_verse	size	missing_verse	SRUV06	45008
target_verse	size	missing_verse	SRUV06	45009
target_verse	size	missing_verse	SRUV06	45010
target_verse	size	missing_verse	SRUV06	45011
target_verse	size	missing_verse	SRUV06	45014
target_verse	size	missing_chapter	SRUV06	45015
target_verse	size	missing_chapter	SRUV06	45016
target_verse	size	missing_verse	SRUV06	46001
target_verse	size	extra_verse	SRUV06	46002
target_verse	size	extra_verse	SRUV06	46003
target_verse	size	extra_verse	SRUV06	46004
target_verse	size	extra_verse	SRUV06	46005
target_verse	size	missing_verse	SRUV06	46006
target_verse	size	missing_verse	SRUV06	46007
target_verse	size	missing_chapter	SRUV06	46008
target_verse	size	missing_chapter	SRUV06	46009
target_verse	size	missing_chapter	SRUV06	46010
target_verse	size	missing_chapter	SRUV06	46011
target_verse	size	missing_chapter	SRUV06	46012
target_verse	size	missing_chapter	SRUV06	46013
target_verse	size	missing_chapter	SRUV06	46014
target_verse	size	missing_chapter	SRUV06	46015
target_verse	size	missing_chapter	SRUV06	46016
target_verse	size	missing_verse	SRUV06	47001
target_verse	size	extra_verse	SRUV06	47002
target_verse	size	extra_verse	SRUV06	47003
target_verse	size	extra_verse	SRUV06	47004
target_verse	size	extra_verse	SRUV06	47005
target_verse	size	extra_verse	SRUV06	47006
target_verse	size	missing_verse	SRUV06	47007
target_verse	size	missing_chapter	SRUV06	47008
target_verse	size	missing_chapter	SRUV06	47009
target_verse	size	missing_chapter	SRUV06	47010
target_verse	size	missing_chapter	SRUV06	47011
target_verse	size	missing_chapter	SRUV06	47012
target_verse	size	missing_chapter	SRUV06	47013
target_verse	size	extra_verse	SRUV06	48001
target_verse	size	extra_verse	SRUV06	48002
target_verse	size	missing_verse	SRUV06	48003
target_verse	size	missing_verse	SRUV06	48004
target_verse	size	missing_verse	SRUV06	48005
target_verse	size	missing_chapter	SRUV06	48006
target_verse	size	extra_verse	SRUV06	49001
target_verse	size	extra_verse	SRUV06	49002
target_verse	size	extra_verse	SRUV06	49003
target_verse	size	missing_verse	SRUV06	49004
target_verse	size	missing_verse	SRUV06	49005
target_verse	size	missing_chapter	SRUV06	49006
target_verse	size	missing_verse	SRUV06	50001
target_verse	size	missing_verse	SRUV06	50002
target_verse	size	missing_verse	SRUV06	50003
target_verse	size	missing_verse	SRUV06	50004
target_verse	size	missing_verse	SRUV06	51001
target_verse	size	missing_verse	SRUV06	51002
target_verse	size	missing_verse	SRUV06	51003
target_verse	size	missing_verse	SRUV06	51004
target_verse	size	extra_verse	SRUV06	52001
target_verse	size	missing_verse	SRUV06	52002
target_verse	size	extra_verse	SRUV06	52003
target_verse	size	missing_verse	SRUV06	52004
target_verse	size	missing_verse	SRUV06	52005
target_verse	size	extra_verse	SRUV06	53001
target_verse	size	extra_verse	SRUV06	53002
target_verse	size	missing_verse	SRUV06	53003
target_verse	size	missing_verse	SRUV06	54001
target_verse	size	missing_verse	SRUV06	54003
target_verse	size	missing_verse	SRUV06	54004
target_verse	size	missing_chapter	SRUV06	54005
target_verse	size	missing_chapter	SRUV06	54006
target_verse	size	extra_verse	SRUV06	55001
target_verse	size	missing_verse	SRUV06	55002
target_verse	size	missing_chapter	SRUV06	55003
target_verse	size	missing_chapter	SRUV06	55004
target_verse	size	missing_verse	SRUV06	56001
target_verse	size	extra_verse	SRUV06	56002
target_verse	size	extra_verse	SRUV06	56003
target_verse	size	extra_verse	SRUV06	57001
target_verse	size	extra_verse	SRUV06	58001
target_verse	size	extra_verse	SRUV06	58002
target_verse	size	extra_verse	SRUV06	58003
target_verse	size	extra_verse	SRUV06	58004
target_verse	size	missing_verse	SRUV06	58006
target_verse	size	missing_chapter	SRUV06	58007
target_verse	size	missing_chapter	SRUV06	58008
target_verse	size	missing_chapter	SRUV06	58009
target_verse	size	missing_chapter	SRUV06	58010
target_verse	size	missing_chapter	SRUV06	58011
target_verse	size	missing_chapter	SRUV06	58012
target_verse	size	missing_chapter	SRUV06	58013
target_verse	size	missing_verse	SRUV06	59001
target_verse	size	missing_verse	SRUV06	59002
target_verse	size	missing_verse	SRUV06	59004
target_verse	size	missing_chapter	SRUV06	59005
target_verse	size	missing_verse	SRUV06	60001
target_verse	size	extra_verse	SRUV06	60002
target_verse	size	extra_verse	SRUV06	60003
target_verse	size	extra_verse	SRUV06	60004
target_verse	size	extra_verse	SRUV06	60005
target_verse	size	missing_verse	SRUV06	61001
target_verse	size	missing_verse	SRUV06	61002
target_verse	size	missing_chapter	SRUV06	61003
target_verse	size	extra_verse	SRUV06	62001
target_verse	size	missing_verse	SRUV06	62002
target_verse	size	missing_chapter	SRUV06	62003
target_verse	size	missing_chapter	SRUV06	62004
target_verse	size	missing_chapter	SRUV06	62005
target_verse	size	extra_verse	SRUV06	63001
target_verse	size	extra_verse	SRUV06	64001
target_verse	size	missing_verse	SRUV06	65001
target_verse	size	missing_verse	SRUV06	66001
target_verse	size	missing_verse	SRUV06	66002
target_verse	size	missing_verse	SRUV06	66003
target_verse	size	extra_verse	SRUV06	66004
target_verse	size	extra_verse	SRUV06	66005
target_verse	size	extra_verse	SRUV06	66006
target_verse	size	extra_verse	SRUV06	66007
target_verse	size	extra_verse	SRUV06	66008
target_verse	size	missing_verse	SRUV06	66009
target_verse	size	extra_verse	SRUV06	66010
target_verse	size	extra_verse	SRUV06	66011
target_verse	size	extra_verse	SRUV06	66012
target_verse	size	extra_verse	SRUV06	66013
target_verse	size	missing_verse	SRUV06	66014
target_verse	size	extra_verse	SRUV06	66015
target_verse	size	extra_verse	SRUV06	66016
target_verse	size	missing_verse	SRUV06	66017
target_verse	size	missing_chapter	SRUV06	66018
target_verse	size	missing_chapter	SRUV06	66019
target_verse	size	missing_chapter	SRUV06	66020
target_verse	size	missing_chapter	SRUV06	66021
target_verse	size	missing_chapter	SRUV06	66022
target_verse	size	extra_verse	SRUV06	67001
target_verse	size	extra_verse	SRUV06	67002
target_verse	size	extra_verse	SRUV06	67003
target_verse	size	extra_verse	SRUV06	67004
target_verse	size	missing_verse	SRUV06	67005
target_verse	size	missing_verse	SRUV06	67006
target_verse	size	missing_verse	SRUV06	67007
target_verse	size	extra_verse	SRUV06	67008
target_verse	size	extra_verse	SRUV06	67009
target_verse	size	extra_verse	SRUV06	67010
target_verse	size	missing_verse	SRUV06	67011
target_verse	size	missing_chapter	SRUV06	67012
target_verse	size	missing_chapter	SRUV06	67013
target_verse	size	missing_chapter	SRUV06	67014
target_verse	size	missing_verse	SRUV06	68002
target_verse	size	extra_verse	SRUV06	68003
target_verse	size	extra_verse	SRUV06	68004
target_verse	size	missing_verse	SRUV06	68005
target_verse	size	extra_verse	SRUV06	68006
target_verse	size	missing_verse	SRUV06	68007
target_verse	size	missing_verse	SRUV06	68008
target_verse	size	extra_verse	SRUV06	68009
target_verse	size	missing_verse	SRUV06	68010
target_verse	size	extra_verse	SRUV06	68011
target_verse	size	extra_verse	SRUV06	68012
target_verse	size	missing_verse	SRUV06	68013
target_verse	size	extra_verse	SRUV06	68014
target_verse	size	extra_verse	SRUV06	68015
target_verse	size	extra_verse	SRUV06	68016
target_verse	size	missing_verse	SRUV06	69001
target_verse	size	missing_verse	SRUV06	69002
target_verse	size	extra_verse	SRUV06	69003
target_verse	size	missing_verse	SRUV06	69004
target_verse	size	extra_verse	SRUV06	69005
target_verse	size	extra_verse	SRUV06	69006
target_verse	size	extra_verse	SRUV06	69007
target_verse	size	missing_verse	SRUV06	69008
target_verse	size	missing_verse	SRUV06	69009
target_verse	size	extra_verse	SRUV06	69010
target_verse	size	extra_verse	SRUV06	70001
target_verse	size	extra_verse	SRUV06	70002
target_verse	size	extra_verse	SRUV06	70003
target_verse	size	extra_verse	SRUV06	70004
target_verse	size	missing_verse	SRUV06	70005
target_verse	size	missing_verse	SRUV06	70006
target_verse	size	missing_chapter	SRUV06	70007
target_verse	size	missing_chapter	SRUV06	70008
target_verse	size	missing_chapter	SRUV06	70009
target_verse	size	missing_chapter	SRUV06	70010
target_verse	size	missing_chapter	SRUV06	70011
target_verse	size	missing_chapter	SRUV06	70012
target_verse	size	missing_chapter	SRUV06	70013
target_verse	size	missing_chapter	SRUV06	70014
target_verse	size	missing_chapter	SRUV06	70015
target_verse	size	missing_chapter	SRUV06	70016
target_verse	size	missing_chapter	SRUV06	70017
target_verse	size	missing_chapter	SRUV06	70018
target_verse	size	missing_chapter	SRUV06	70019
target_verse	size	extra_verse	SRUV06	71001
target_verse	size	extra_verse	SRUV06	71002
target_verse	size	extra_verse	SRUV06	71003
target_verse	size	extra_verse	SRUV06	71004
target_verse	size	extra_verse	SRUV06	71005
target_verse	size	extra_verse	SRUV06	71006
target_verse	size	extra_verse	SRUV06	71007
target_verse	size	extra_verse	SRUV06	71008
target_verse	size	extra_verse	SRUV06	71009
target_verse	size	extra_verse	SRUV06	71010
target_verse	size	extra_verse	SRUV06	71011
target_verse	size	extra_verse	SRUV06	71012
target_verse	size	extra_verse	SRUV06	71013
target_verse	size	extra_verse	SRUV06	71014
target_verse	size	extra_verse	SRUV06	71015
target_verse	size	missing_verse	SRUV06	71016
target_verse	size	missing_verse	SRUV06	71017
target_verse	size	missing_chapter	SRUV06	71018
target_verse	size	missing_chapter	SRUV06	71019
target_verse	size	missing_chapter	SRUV06	71020
target_verse	size	missing_chapter	SRUV06	71021
target_verse	size	missing_chapter	SRUV06	71022
target_verse	size	missing_chapter	SRUV06	71023
target_verse	size	missing_chapter	SRUV06	71024
target_verse	size	missing_chapter	SRUV06	71025
target_verse	size	missing_chapter	SRUV06	71026
target_verse	size	missing_chapter	SRUV06	71027
target_verse	size	missing_chapter	SRUV06	71028
target_verse	size	missing_chapter	SRUV06	71029
target_verse	size	missing_chapter	SRUV06	71030
target_verse	size	missing_chapter	SRUV06	71031
target_verse	size	missing_chapter	SRUV06	71032
target_verse	size	missing_chapter	SRUV06	71033
target_verse	size	missing_chapter	SRUV06	71034
target_verse	size	missing_chapter	SRUV06	71035
target_verse	size	missing_chapter	SRUV06	71036
target_verse	size	missing_chapter	SRUV06	71037
target_verse	size	missing_chapter	SRUV06	71038
target_verse	size	missing_chapter	SRUV06	71039
target_verse	size	missing_chapter	SRUV06	71040
target_verse	size	missing_chapter	SRUV06	71041
target_verse	size	missing_chapter	SRUV06	71042
target_verse	size	missing_chapter	SRUV06	71043
target_verse	size	missing_chapter	SRUV06	71044
target_verse	size	missing_chapter	SRUV06	71045
target_verse	size	missing_chapter	SRUV06	71046
target_verse	size	missing_chapter	SRUV06	71047
target_verse	size	missing_chapter	SRUV06	71048
target_verse	size	missing_chapter	SRUV06	71049
target_verse	size	missing_chapter	SRUV06	71050
target_verse	size	missing_chapter	SRUV06	71051
target_verse	size	extra_verse	SRUV06	72001
target_verse	size	missing_verse	SRUV06	72002
target_verse	size	extra_verse	SRUV06	72003
target_verse	size	extra_verse	SRUV06	72004
target_verse	size	extra_verse	SRUV06	72005
