source_verse	mapping	missing_verse	RUSSYN	019011000
source_verse	mapping	missing_verse	RUSSYN	019012000
source_verse	mapping	missing_verse	RUSSYN	019013000
source_verse	mapping	missing_verse	RUSSYN	019014000
source_verse	mapping	missing_verse	RUSSYN	019015000
source_verse	mapping	missing_verse	RUSSYN	019016000
source_verse	mapping	missing_verse	RUSSYN	019017000
source_verse	mapping	missing_verse	RUSSYN	019018000
source_verse	mapping	missing_verse	RUSSYN	019019000
source_verse	mapping	missing_verse	RUSSYN	019020000
source_verse	mapping	missing_verse	RUSSYN	019021000
source_verse	mapping	missing_verse	RUSSYN	019022000
source_verse	mapping	missing_verse	RUSSYN	019023000
source_verse	mapping	missing_verse	RUSSYN	019024000
source_verse	mapping	missing_verse	RUSSYN	019025000
source_verse	mapping	missing_verse	RUSSYN	019026000
source_verse	mapping	missing_verse	RUSSYN	019027000
source_verse	mapping	missing_verse	RUSSYN	019028000
source_verse	mapping	missing_verse	RUSSYN	019029000
source_verse	mapping	missing_verse	RUSSYN	019030000
source_verse	mapping	missing_verse	RUSSYN	019031000
source_verse	mapping	missing_verse	RUSSYN	019032000
source_verse	mapping	missing_verse	RUSSYN	019033000
source_verse	mapping	missing_verse	RUSSYN	019034000
source_verse	mapping	missing_verse	RUSSYN	019035000
source_verse	mapping	missing_verse	RUSSYN	019036000
source_verse	mapping	missing_verse	RUSSYN	019037000
source_verse	mapping	missing_verse	RUSSYN	019038000
source_verse	mapping	missing_verse	RUSSYN	019039000
source_verse	mapping	missing_verse	RUSSYN	019040000
source_verse	mapping	missing_verse	RUSSYN	019041000
source_verse	mapping	missing_verse	RUSSYN	019042000
source_verse	mapping	missing_verse	RUSSYN	019043000
source_verse	mapping	missing_verse	RUSSYN	019044000
source_verse	mapping	missing_verse	RUSSYN	019045000
source_verse	mapping	missing_verse	RUSSYN	019046000
source_verse	mapping	missing_verse	RUSSYN	019047000
source_verse	mapping	missing_verse	RUSSYN	019048000
source_verse	mapping	missing_verse	RUSSYN	019049000
source_verse	mapping	missing_verse	RUSSYN	019050000
source_verse	mapping	missing_verse	RUSSYN	019051000
source_verse	mapping	missing_verse	RUSSYN	019052000
source_verse	mapping	missing_verse	RUSSYN	019053000
source_verse	mapping	missing_verse	RUSSYN	019054000
source_verse	mapping	missing_verse	RUSSYN	019055000
source_verse	mapping	missing_verse	RUSSYN	019056000
source_verse	mapping	missing_verse	RUSSYN	019057000
source_verse	mapping	missing_verse	RUSSYN	019058000
source_verse	mapping	missing_verse	RUSSYN	019059000
source_verse	mapping	missing_verse	RUSSYN	019060000
source_verse	mapping	missing_verse	RUSSYN	019061000
source_verse	mapping	missing_verse	RUSSYN	019062000
source_verse	mapping	missing_verse	RUSSYN	019063000
source_verse	mapping	missing_verse	RUSSYN	019064000
source_verse	mapping	missing_verse	RUSSYN	019065000
source_verse	mapping	missing_verse	RUSSYN	019066000
source_verse	mapping	missing_verse	RUSSYN	019067000
source_verse	mapping	missing_verse	RUSSYN	019068000
source_verse	mapping	missing_verse	RUSSYN	019069000
source_verse	mapping	missing_verse	RUSSYN	019070000
source_verse	mapping	missing_verse	RUSSYN	019071000
source_verse	mapping	missing_verse	RUSSYN	019072000
source_verse	mapping	missing_verse	RUSSYN	019073000
source_verse	mapping	missing_verse	RUSSYN	019074000
source_verse	mapping	missing_verse	RUSSYN	019075000
source_verse	mapping	missing_verse	RUSSYN	019076000
source_verse	mapping	missing_verse	RUSSYN	019077000
source_verse	mapping	missing_verse	RUSSYN	019078000
source_verse	mapping	missing_verse	RUSSYN	019079000
source_verse	mapping	missing_verse	RUSSYN	019080000
source_verse	mapping	missing_verse	RUSSYN	019081000
source_verse	mapping	missing_verse	RUSSYN	019082000
source_verse	mapping	missing_verse	RUSSYN	019083000
source_verse	mapping	missing_verse	RUSSYN	019084000
source_verse	mapping	missing_verse	RUSSYN	019085000
source_verse	mapping	missing_verse	RUSSYN	019086000
source_verse	mapping	missing_verse	RUSSYN	019087000
source_verse	mapping	missing_verse	RUSSYN	019088000
source_verse	mapping	missing_verse	RUSSYN	019089000
source_verse	mapping	missing_verse	RUSSYN	019090000
source_verse	mapping	missing_verse	RUSSYN	019091000
source_verse	mapping	missing_verse	RUSSYN	019092000
source_verse	mapping	missing_verse	RUSSYN	019093000
source_verse	mapping	missing_verse	RUSSYN	019094000
source_verse	mapping	missing_verse	RUSSYN	019095000
source_verse	mapping	missing_verse	RUSSYN	019096000
source_verse	mapping	missing_verse	RUSSYN	019097000
source_verse	mapping	missing_verse	RUSSYN	019098000
source_verse	mapping	missing_verse	RUSSYN	019099000
source_verse	mapping	missing_verse	RUSSYN	019100000
source_verse	mapping	missing_verse	RUSSYN	019101000
source_verse	mapping	missing_verse	RUSSYN	019102000
source_verse	mapping	missing_verse	RUSSYN	019103000
source_verse	mapping	missing_verse	RUSSYN	019104000
source_verse	mapping	missing_verse	RUSSYN	019105000
source_verse	mapping	missing_verse	RUSSYN	019106000
source_verse	mapping	missing_verse	RUSSYN	019107000
source_verse	mapping	missing_verse	RUSSYN	019108000
source_verse	mapping	missing_verse	RUSSYN	019109000
source_verse	mapping	missing_verse	RUSSYN	019110000
source_verse	mapping	missing_verse	RUSSYN	019111000
source_verse	mapping	missing_verse	RUSSYN	019112000
source_verse	mapping	missing_verse	RUSSYN	019113000
source_verse	mapping	missing_verse	RUSSYN	019114000
source_verse	mapping	missing_verse	RUSSYN	019116000
source_verse	mapping	missing_verse	RUSSYN	019117000
source_verse	mapping	missing_verse	RUSSYN	019118000
source_verse	mapping	missing_verse	RUSSYN	019119000
source_verse	mapping	missing_verse	RUSSYN	019120000
source_verse	mapping	missing_verse	RUSSYN	019121000
source_verse	mapping	missing_verse	RUSSYN	019122000
source_verse	mapping	missing_verse	RUSSYN	019123000
source_verse	mapping	missing_verse	RUSSYN	019124000
source_verse	mapping	missing_verse	RUSSYN	019125000
source_verse	mapping	missing_verse	RUSSYN	019126000
source_verse	mapping	missing_verse	RUSSYN	019127000
source_verse	mapping	missing_verse	RUSSYN	019128000
source_verse	mapping	missing_verse	RUSSYN	019129000
source_verse	mapping	missing_verse	RUSSYN	019130000
source_verse	mapping	missing_verse	RUSSYN	019131000
source_verse	mapping	missing_verse	RUSSYN	019132000
source_verse	mapping	missing_verse	RUSSYN	019133000
source_verse	mapping	missing_verse	RUSSYN	019134000
source_verse	mapping	missing_verse	RUSSYN	019135000
source_verse	mapping	missing_verse	RUSSYN	019136000
source_verse	mapping	missing_verse	RUSSYN	019137000
source_verse	mapping	missing_verse	RUSSYN	019138000
source_verse	mapping	missing_verse	RUSSYN	019139000
source_verse	mapping	missing_verse	RUSSYN	019140000
source_verse	mapping	missing_verse	RUSSYN	019141000
source_verse	mapping	missing_verse	RUSSYN	019142000
source_verse	mapping	missing_verse	RUSSYN	019143000
source_verse	mapping	missing_verse	RUSSYN	019144000
source_verse	mapping	missing_verse	RUSSYN	019145000
source_verse	mapping	missing_verse	RUSSYN	019146000
source_verse	mapping	missing_verse	RUSSYN	019147000
source_verse	mapping	missing_verse	RUSSYN	024008023
source_verse	mapping	missing_verse	RUSSYN	024009001
source_verse	mapping	missing_verse	RUSSYN	024009002
source_verse	mapping	missing_verse	RUSSYN	024009003
source_verse	mapping	missing_verse	RUSSYN	024009004
source_verse	mapping	missing_verse	RUSSYN	024009005
source_verse	mapping	missing_verse	RUSSYN	024009006
source_verse	mapping	missing_verse	RUSSYN	024009007
source_verse	mapping	missing_verse	RUSSYN	024009008
source_verse	mapping	missing_verse	RUSSYN	024009009
source_verse	mapping	missing_verse	RUSSYN	024009010
source_verse	mapping	missing_verse	RUSSYN	024009011
source_verse	mapping	missing_verse	RUSSYN	024009012
source_verse	mapping	missing_verse	RUSSYN	024009013
source_verse	mapping	missing_verse	RUSSYN	024009014
source_verse	mapping	missing_verse	RUSSYN	024009015
source_verse	mapping	missing_verse	RUSSYN	024009016
source_verse	mapping	missing_verse	RUSSYN	024009017
source_verse	mapping	missing_verse	RUSSYN	024009018
source_verse	mapping	missing_verse	RUSSYN	024009019
source_verse	mapping	missing_verse	RUSSYN	024009020
source_verse	mapping	missing_verse	RUSSYN	024009021
source_verse	mapping	missing_verse	RUSSYN	024009022
source_verse	mapping	missing_verse	RUSSYN	024009023
source_verse	mapping	missing_verse	RUSSYN	024009024
source_verse	mapping	missing_verse	RUSSYN	024009025
source_verse	mapping	missing_verse	RUSSYN	026021001
source_verse	mapping	missing_verse	RUSSYN	026021002
source_verse	mapping	missing_verse	RUSSYN	026021003
source_verse	mapping	missing_verse	RUSSYN	026021004
source_verse	mapping	missing_verse	RUSSYN	026021005
source_verse	mapping	missing_verse	RUSSYN	026021006
source_verse	mapping	missing_verse	RUSSYN	026021007
source_verse	mapping	missing_verse	RUSSYN	026021008
source_verse	mapping	missing_verse	RUSSYN	026021009
source_verse	mapping	missing_verse	RUSSYN	026021010
source_verse	mapping	missing_verse	RUSSYN	026021011
source_verse	mapping	missing_verse	RUSSYN	026021012
source_verse	mapping	missing_verse	RUSSYN	026021013
source_verse	mapping	missing_verse	RUSSYN	026021014
source_verse	mapping	missing_verse	RUSSYN	026021015
source_verse	mapping	missing_verse	RUSSYN	026021016
source_verse	mapping	missing_verse	RUSSYN	026021017
source_verse	mapping	missing_verse	RUSSYN	026021018
source_verse	mapping	missing_verse	RUSSYN	026021019
source_verse	mapping	missing_verse	RUSSYN	026021020
source_verse	mapping	missing_verse	RUSSYN	026021021
source_verse	mapping	missing_verse	RUSSYN	026021022
source_verse	mapping	missing_verse	RUSSYN	026021023
source_verse	mapping	missing_verse	RUSSYN	026021024
source_verse	mapping	missing_verse	RUSSYN	026021025
source_verse	mapping	missing_verse	RUSSYN	026021026
source_verse	mapping	missing_verse	RUSSYN	026021027
source_verse	mapping	missing_verse	RUSSYN	026021028
source_verse	mapping	missing_verse	RUSSYN	026021029
source_verse	mapping	missing_verse	RUSSYN	026021030
source_verse	mapping	missing_verse	RUSSYN	026021031
source_verse	mapping	missing_verse	RUSSYN	026021032
source_verse	mapping	missing_verse	RUSSYN	026021033
source_verse	mapping	missing_verse	RUSSYN	026021034
source_verse	mapping	missing_verse	RUSSYN	026021035
source_verse	mapping	missing_verse	RUSSYN	026021036
source_verse	mapping	missing_verse	RUSSYN	026021037
source_verse	mapping	missing_verse	RUSSYN	027006001
source_verse	mapping	missing_verse	RUSSYN	027006002
source_verse	mapping	missing_verse	RUSSYN	027006003
source_verse	mapping	missing_verse	RUSSYN	027006004
source_verse	mapping	missing_verse	RUSSYN	027006005
source_verse	mapping	missing_verse	RUSSYN	027006006
source_verse	mapping	missing_verse	RUSSYN	027006007
source_verse	mapping	missing_verse	RUSSYN	027006008
source_verse	mapping	missing_verse	RUSSYN	027006009
source_verse	mapping	missing_verse	RUSSYN	027006010
source_verse	mapping	missing_verse	RUSSYN	027006011
source_verse	mapping	missing_verse	RUSSYN	027006012
source_verse	mapping	missing_verse	RUSSYN	027006013
source_verse	mapping	missing_verse	RUSSYN	027006014
source_verse	mapping	missing_verse	RUSSYN	027006015
source_verse	mapping	missing_verse	RUSSYN	027006016
source_verse	mapping	missing_verse	RUSSYN	027006017
source_verse	mapping	missing_verse	RUSSYN	027006018
source_verse	mapping	missing_verse	RUSSYN	027006019
source_verse	mapping	missing_verse	RUSSYN	027006020
source_verse	mapping	missing_verse	RUSSYN	027006021
source_verse	mapping	missing_verse	RUSSYN	027006022
source_verse	mapping	missing_verse	RUSSYN	027006023
source_verse	mapping	missing_verse	RUSSYN	027006024
source_verse	mapping	missing_verse	RUSSYN	027006025
source_verse	mapping	missing_verse	RUSSYN	027006026
source_verse	mapping	missing_verse	RUSSYN	027006027
source_verse	mapping	missing_verse	RUSSYN	027006028
source_verse	mapping	missing_verse	RUSSYN	027006029
source_verse	mapping	missing_verse	RUSSYN	028002001
source_verse	mapping	missing_verse	RUSSYN	028002002
source_verse	mapping	missing_verse	RUSSYN	028002003
source_verse	mapping	missing_verse	RUSSYN	028002004
source_verse	mapping	missing_verse	RUSSYN	028002005
source_verse	mapping	missing_verse	RUSSYN	028002006
source_verse	mapping	missing_verse	RUSSYN	028002007
source_verse	mapping	missing_verse	RUSSYN	028002008
source_verse	mapping	missing_verse	RUSSYN	028002009
source_verse	mapping	missing_verse	RUSSYN	028002010
source_verse	mapping	missing_verse	RUSSYN	028002011
source_verse	mapping	missing_verse	RUSSYN	028002012
source_verse	mapping	missing_verse	RUSSYN	028002013
source_verse	mapping	missing_verse	RUSSYN	028002014
source_verse	mapping	missing_verse	RUSSYN	028002015
source_verse	mapping	missing_verse	RUSSYN	028002016
source_verse	mapping	missing_verse	RUSSYN	028002017
source_verse	mapping	missing_verse	RUSSYN	028002018
source_verse	mapping	missing_verse	RUSSYN	028002019
source_verse	mapping	missing_verse	RUSSYN	028002020
source_verse	mapping	missing_verse	RUSSYN	028002021
source_verse	mapping	missing_verse	RUSSYN	028002022
source_verse	mapping	missing_verse	RUSSYN	028002023
source_verse	mapping	missing_verse	RUSSYN	028002024
source_verse	mapping	missing_verse	RUSSYN	028002025
source_verse	mapping	missing_verse	RUSSYN	028012001
source_verse	mapping	missing_verse	RUSSYN	028012002
source_verse	mapping	missing_verse	RUSSYN	028012003
source_verse	mapping	missing_verse	RUSSYN	028012004
source_verse	mapping	missing_verse	RUSSYN	028012005
source_verse	mapping	missing_verse	RUSSYN	028012006
source_verse	mapping	missing_verse	RUSSYN	028012007
source_verse	mapping	missing_verse	RUSSYN	028012008
source_verse	mapping	missing_verse	RUSSYN	028012009
source_verse	mapping	missing_verse	RUSSYN	028012010
source_verse	mapping	missing_verse	RUSSYN	028012011
source_verse	mapping	missing_verse	RUSSYN	028012012
source_verse	mapping	missing_verse	RUSSYN	028012013
source_verse	mapping	missing_verse	RUSSYN	028012014
source_verse	mapping	missing_verse	RUSSYN	028012015
source_verse	mapping	missing_verse	RUSSYN	029003001
source_verse	mapping	missing_verse	RUSSYN	029003002
source_verse	mapping	missing_verse	RUSSYN	029003003
source_verse	mapping	missing_verse	RUSSYN	029003004
source_verse	mapping	missing_verse	RUSSYN	029003005
source_verse	mapping	missing_verse	RUSSYN	029004001
source_verse	mapping	missing_verse	RUSSYN	029004002
source_verse	mapping	missing_verse	RUSSYN	029004003
source_verse	mapping	missing_verse	RUSSYN	029004004
source_verse	mapping	missing_verse	RUSSYN	029004005
source_verse	mapping	missing_verse	RUSSYN	029004006
source_verse	mapping	missing_verse	RUSSYN	029004007
source_verse	mapping	missing_verse	RUSSYN	029004008
source_verse	mapping	missing_verse	RUSSYN	029004009
source_verse	mapping	missing_verse	RUSSYN	029004010
source_verse	mapping	missing_verse	RUSSYN	029004011
source_verse	mapping	missing_verse	RUSSYN	029004012
source_verse	mapping	missing_verse	RUSSYN	029004013
source_verse	mapping	missing_verse	RUSSYN	029004014
source_verse	mapping	missing_verse	RUSSYN	029004015
source_verse	mapping	missing_verse	RUSSYN	029004016
source_verse	mapping	missing_verse	RUSSYN	029004017
source_verse	mapping	missing_verse	RUSSYN	029004018
source_verse	mapping	missing_verse	RUSSYN	029004019
source_verse	mapping	missing_verse	RUSSYN	029004020
source_verse	mapping	missing_verse	RUSSYN	029004021
source_verse	mapping	missing_verse	RUSSYN	033004014
source_verse	mapping	missing_verse	RUSSYN	033005001
source_verse	mapping	missing_verse	RUSSYN	033005002
source_verse	mapping	missing_verse	RUSSYN	033005003
source_verse	mapping	missing_verse	RUSSYN	033005004
source_verse	mapping	missing_verse	RUSSYN	033005005
source_verse	mapping	missing_verse	RUSSYN	033005006
source_verse	mapping	missing_verse	RUSSYN	033005007
source_verse	mapping	missing_verse	RUSSYN	033005008
source_verse	mapping	missing_verse	RUSSYN	033005009
source_verse	mapping	missing_verse	RUSSYN	033005010
source_verse	mapping	missing_verse	RUSSYN	033005011
source_verse	mapping	missing_verse	RUSSYN	033005012
source_verse	mapping	missing_verse	RUSSYN	033005013
source_verse	mapping	missing_verse	RUSSYN	033005014
source_verse	mapping	missing_verse	RUSSYN	034002001
source_verse	mapping	missing_verse	RUSSYN	034002002
source_verse	mapping	missing_verse	RUSSYN	034002003
source_verse	mapping	missing_verse	RUSSYN	034002004
source_verse	mapping	missing_verse	RUSSYN	034002005
source_verse	mapping	missing_verse	RUSSYN	034002006
source_verse	mapping	missing_verse	RUSSYN	034002007
source_verse	mapping	missing_verse	RUSSYN	034002008
source_verse	mapping	missing_verse	RUSSYN	034002009
source_verse	mapping	missing_verse	RUSSYN	034002010
source_verse	mapping	missing_verse	RUSSYN	034002011
source_verse	mapping	missing_verse	RUSSYN	034002012
source_verse	mapping	missing_verse	RUSSYN	034002013
source_verse	mapping	missing_verse	RUSSYN	034002014
source_verse	mapping	missing_verse	RUSSYN	038002001
source_verse	mapping	missing_verse	RUSSYN	038002002
source_verse	mapping	missing_verse	RUSSYN	038002003
source_verse	mapping	missing_verse	RUSSYN	038002004
source_verse	mapping	missing_verse	RUSSYN	038002005
source_verse	mapping	missing_verse	RUSSYN	038002006
source_verse	mapping	missing_verse	RUSSYN	038002007
source_verse	mapping	missing_verse	RUSSYN	038002008
source_verse	mapping	missing_verse	RUSSYN	038002009
source_verse	mapping	missing_verse	RUSSYN	038002010
source_verse	mapping	missing_verse	RUSSYN	038002011
source_verse	mapping	missing_verse	RUSSYN	038002012
source_verse	mapping	missing_verse	RUSSYN	038002013
source_verse	mapping	missing_verse	RUSSYN	038002014
source_verse	mapping	missing_verse	RUSSYN	038002015
source_verse	mapping	missing_verse	RUSSYN	038002016
source_verse	mapping	missing_verse	RUSSYN	038002017
source_verse	mapping	missing_verse	RUSSYN	039003019
source_verse	mapping	missing_verse	RUSSYN	039003020
source_verse	mapping	missing_verse	RUSSYN	039003021
source_verse	mapping	missing_verse	RUSSYN	039003022
source_verse	mapping	missing_verse	RUSSYN	039003023
source_verse	mapping	missing_verse	RUSSYN	039003024
source_verse	mapping	missing_verse	RUSSYN	045016025
source_verse	mapping	missing_verse	RUSSYN	045016026
source_verse	mapping	missing_verse	RUSSYN	045016027
source_verse	mapping	missing_verse	RUSSYN	047011033
source_verse	mapping	missing_verse	RUSSYN	066013001
