source_verse	size	missing_verse	IRVHin	04025
source_verse	size	missing_verse	IRVHin	09020
source_verse	size	missing_verse	IRVHin	11022
source_verse	size	missing_verse	IRVHin	13012
source_verse	size	missing_verse	IRVHin	18042
source_verse	size	missing_book	IRVHin	19
source_verse	size	missing_book	IRVHin	20
source_verse	size	missing_book	IRVHin	21
source_verse	size	missing_book	IRVHin	22
source_verse	size	missing_book	IRVHin	23
source_verse	size	missing_book	IRVHin	24
source_verse	size	missing_book	IRVHin	25
source_verse	size	missing_book	IRVHin	26
source_verse	size	missing_book	IRVHin	27
source_verse	size	missing_book	IRVHin	28
source_verse	size	missing_book	IRVHin	29
source_verse	size	missing_book	IRVHin	30
source_verse	size	missing_book	IRVHin	31
source_verse	size	missing_book	IRVHin	32
source_verse	size	missing_book	IRVHin	33
source_verse	size	missing_book	IRVHin	34
source_verse	size	missing_book	IRVHin	35
source_verse	size	missing_book	IRVHin	36
source_verse	size	missing_book	IRVHin	37
source_verse	size	missing_book	IRVHin	38
source_verse	size	missing_book	IRVHin	39
source_verse	size	missing_book	IRVHin	40
source_verse	size	missing_book	IRVHin	41
source_verse	size	missing_book	IRVHin	42
source_verse	size	missing_book	IRVHin	43
source_verse	size	missing_book	IRVHin	44
source_verse	size	missing_book	IRVHin	45
source_verse	size	missing_book	IRVHin	46
source_verse	size	missing_book	IRVHin	47
source_verse	size	missing_book	IRVHin	48
source_verse	size	missing_book	IRVHin	49
source_verse	size	missing_book	IRVHin	50
source_verse	size	missing_book	IRVHin	51
source_verse	size	missing_book	IRVHin	52
source_verse	size	missing_book	IRVHin	53
source_verse	size	missing_book	IRVHin	54
source_verse	size	missing_book	IRVHin	55
source_verse	size	missing_book	IRVHin	56
source_verse	size	missing_book	IRVHin	57
source_verse	size	missing_book	IRVHin	58
source_verse	size	missing_book	IRVHin	59
source_verse	size	missing_book	IRVHin	60
source_verse	size	missing_book	IRVHin	61
source_verse	size	missing_book	IRVHin	62
source_verse	size	missing_book	IRVHin	63
source_verse	size	missing_book	IRVHin	64
source_verse	size	missing_book	IRVHin	65
source_verse	size	missing_book	IRVHin	66
