target_verse	size	missing_verse	GLT	01001
target_verse	size	missing_chapter	GLT	01002
target_verse	size	missing_chapter	GLT	01003
target_verse	size	missing_chapter	GLT	01004
target_verse	size	missing_chapter	GLT	01005
target_verse	size	missing_chapter	GLT	01006
target_verse	size	missing_chapter	GLT	01007
target_verse	size	missing_chapter	GLT	01008
target_verse	size	missing_chapter	GLT	01009
target_verse	size	missing_chapter	GLT	01010
target_verse	size	missing_chapter	GLT	01011
target_verse	size	missing_chapter	GLT	01012
target_verse	size	missing_chapter	GLT	01013
target_verse	size	missing_chapter	GLT	01014
target_verse	size	missing_chapter	GLT	01015
target_verse	size	missing_chapter	GLT	01016
target_verse	size	missing_chapter	GLT	01017
target_verse	size	missing_chapter	GLT	01018
target_verse	size	missing_chapter	GLT	01019
target_verse	size	missing_chapter	GLT	01020
target_verse	size	missing_chapter	GLT	01021
target_verse	size	missing_chapter	GLT	01022
target_verse	size	missing_chapter	GLT	01023
target_verse	size	missing_chapter	GLT	01024
target_verse	size	missing_chapter	GLT	01025
target_verse	size	missing_chapter	GLT	01026
target_verse	size	missing_chapter	GLT	01027
target_verse	size	missing_chapter	GLT	01028
target_verse	size	missing_chapter	GLT	01029
target_verse	size	missing_chapter	GLT	01030
target_verse	size	missing_chapter	GLT	01031
target_verse	size	missing_chapter	GLT	01032
target_verse	size	missing_chapter	GLT	01033
target_verse	size	missing_chapter	GLT	01034
target_verse	size	missing_chapter	GLT	01035
target_verse	size	missing_chapter	GLT	01036
target_verse	size	missing_chapter	GLT	01037
target_verse	size	missing_chapter	GLT	01038
target_verse	size	missing_chapter	GLT	01039
target_verse	size	missing_chapter	GLT	01040
target_verse	size	missing_chapter	GLT	01041
target_verse	size	missing_chapter	GLT	01042
target_verse	size	missing_chapter	GLT	01043
target_verse	size	missing_chapter	GLT	01044
target_verse	size	missing_chapter	GLT	01045
target_verse	size	missing_chapter	GLT	01046
target_verse	size	missing_chapter	GLT	01047
target_verse	size	missing_chapter	GLT	01048
target_verse	size	missing_chapter	GLT	01049
target_verse	size	missing_chapter	GLT	01050
target_verse	size	missing_verse	GLT	02002
target_verse	size	missing_verse	GLT	02003
target_verse	size	missing_verse	GLT	02004
target_verse	size	missing_verse	GLT	02005
target_verse	size	missing_chapter	GLT	02006
target_verse	size	missing_chapter	GLT	02007
target_verse	size	missing_chapter	GLT	02008
target_verse	size	missing_chapter	GLT	02009
target_verse	size	missing_chapter	GLT	02010
target_verse	size	missing_chapter	GLT	02011
target_verse	size	missing_chapter	GLT	02012
target_verse	size	missing_chapter	GLT	02013
target_verse	size	missing_chapter	GLT	02014
target_verse	size	missing_chapter	GLT	02015
target_verse	size	missing_chapter	GLT	02016
target_verse	size	missing_chapter	GLT	02017
target_verse	size	missing_chapter	GLT	02018
target_verse	size	missing_chapter	GLT	02019
target_verse	size	missing_chapter	GLT	02020
target_verse	size	missing_chapter	GLT	02021
target_verse	size	missing_chapter	GLT	02022
target_verse	size	missing_chapter	GLT	02023
target_verse	size	missing_chapter	GLT	02024
target_verse	size	missing_chapter	GLT	02025
target_verse	size	missing_chapter	GLT	02026
target_verse	size	missing_chapter	GLT	02027
target_verse	size	missing_chapter	GLT	02028
target_verse	size	missing_chapter	GLT	02029
target_verse	size	missing_chapter	GLT	02030
target_verse	size	missing_chapter	GLT	02031
target_verse	size	missing_chapter	GLT	02032
target_verse	size	missing_chapter	GLT	02033
target_verse	size	missing_chapter	GLT	02034
target_verse	size	missing_chapter	GLT	02035
target_verse	size	missing_chapter	GLT	02036
target_verse	size	missing_chapter	GLT	02037
target_verse	size	missing_chapter	GLT	02038
target_verse	size	missing_chapter	GLT	02039
target_verse	size	missing_chapter	GLT	02040
target_verse	size	missing_verse	GLT	03001
target_verse	size	extra_verse	GLT	03002
target_verse	size	missing_verse	GLT	03003
target_verse	size	missing_verse	GLT	03004
target_verse	size	missing_verse	GLT	03005
target_verse	size	missing_verse	GLT	03006
target_verse	size	missing_verse	GLT	03007
target_verse	size	missing_verse	GLT	03009
target_verse	size	extra_verse	GLT	03010
target_verse	size	missing_verse	GLT	03011
target_verse	size	missing_chapter	GLT	03012
target_verse	size	missing_chapter	GLT	03013
target_verse	size	missing_chapter	GLT	03014
target_verse	size	missing_chapter	GLT	03015
target_verse	size	missing_chapter	GLT	03016
target_verse	size	missing_chapter	GLT	03017
target_verse	size	missing_chapter	GLT	03018
target_verse	size	missing_chapter	GLT	03019
target_verse	size	missing_chapter	GLT	03020
target_verse	size	missing_chapter	GLT	03021
target_verse	size	missing_chapter	GLT	03022
target_verse	size	missing_chapter	GLT	03023
target_verse	size	missing_chapter	GLT	03024
target_verse	size	missing_chapter	GLT	03025
target_verse	size	missing_chapter	GLT	03026
target_verse	size	missing_chapter	GLT	03027
target_verse	size	missing_verse	GLT	04001
target_verse	size	missing_verse	GLT	04002
target_verse	size	missing_verse	GLT	04003
target_verse	size	missing_verse	GLT	04004
target_verse	size	missing_verse	GLT	04005
target_verse	size	missing_verse	GLT	04006
target_verse	size	missing_verse	GLT	04007
target_verse	size	missing_verse	GLT	04008
target_verse	size	extra_verse	GLT	04009
target_verse	size	extra_verse	GLT	04010
target_verse	size	extra_verse	GLT	04011
target_verse	size	extra_verse	GLT	04012
target_verse	size	missing_verse	GLT	04013
target_verse	size	missing_verse	GLT	04014
target_verse	size	missing_chapter	GLT	04015
target_verse	size	missing_chapter	GLT	04016
target_verse	size	missing_chapter	GLT	04017
target_verse	size	missing_chapter	GLT	04018
target_verse	size	missing_chapter	GLT	04019
target_verse	size	missing_chapter	GLT	04020
target_verse	size	missing_chapter	GLT	04021
target_verse	size	missing_chapter	GLT	04022
target_verse	size	missing_chapter	GLT	04023
target_verse	size	missing_chapter	GLT	04024
target_verse	size	missing_chapter	GLT	04025
target_verse	size	missing_chapter	GLT	04026
target_verse	size	missing_chapter	GLT	04027
target_verse	size	missing_chapter	GLT	04028
target_verse	size	missing_chapter	GLT	04029
target_verse	size	missing_chapter	GLT	04030
target_verse	size	missing_chapter	GLT	04031
target_verse	size	missing_chapter	GLT	04032
target_verse	size	missing_chapter	GLT	04033
target_verse	size	missing_chapter	GLT	04034
target_verse	size	missing_chapter	GLT	04035
target_verse	size	missing_chapter	GLT	04036
target_verse	size	missing_verse	GLT	05001
target_verse	size	missing_verse	GLT	05002
target_verse	size	missing_verse	GLT	05003
target_verse	size	missing_verse	GLT	05004
target_verse	size	missing_verse	GLT	05005
target_verse	size	missing_verse	GLT	05006
target_verse	size	missing_verse	GLT	05007
target_verse	size	missing_verse	GLT	05008
target_verse	size	extra_verse	GLT	05009
target_verse	size	missing_verse	GLT	05010
target_verse	size	missing_verse	GLT	05011
target_verse	size	missing_chapter	GLT	05012
target_verse	size	missing_chapter	GLT	05013
target_verse	size	missing_chapter	GLT	05014
target_verse	size	missing_chapter	GLT	05015
target_verse	size	missing_chapter	GLT	05016
target_verse	size	missing_chapter	GLT	05017
target_verse	size	missing_chapter	GLT	05018
target_verse	size	missing_chapter	GLT	05019
target_verse	size	missing_chapter	GLT	05020
target_verse	size	missing_chapter	GLT	05021
target_verse	size	missing_chapter	GLT	05022
target_verse	size	missing_chapter	GLT	05023
target_verse	size	missing_chapter	GLT	05024
target_verse	size	missing_chapter	GLT	05025
target_verse	size	missing_chapter	GLT	05026
target_verse	size	missing_chapter	GLT	05027
target_verse	size	missing_chapter	GLT	05028
target_verse	size	missing_chapter	GLT	05029
target_verse	size	missing_chapter	GLT	05030
target_verse	size	missing_chapter	GLT	05031
target_verse	size	missing_chapter	GLT	05032
target_verse	size	missing_chapter	GLT	05033
target_verse	size	missing_chapter	GLT	05034
target_verse	size	extra_verse	GLT	06001
target_verse	size	missing_verse	GLT	06002
target_verse	size	missing_chapter	GLT	06003
target_verse	size	missing_chapter	GLT	06004
target_verse	size	missing_chapter	GLT	06005
target_verse	size	missing_chapter	GLT	06006
target_verse	size	missing_chapter	GLT	06007
target_verse	size	missing_chapter	GLT	06008
target_verse	size	missing_chapter	GLT	06009
target_verse	size	missing_chapter	GLT	06010
target_verse	size	missing_chapter	GLT	06011
target_verse	size	missing_chapter	GLT	06012
target_verse	size	missing_chapter	GLT	06013
target_verse	size	missing_chapter	GLT	06014
target_verse	size	missing_chapter	GLT	06015
target_verse	size	missing_chapter	GLT	06016
target_verse	size	missing_chapter	GLT	06017
target_verse	size	missing_chapter	GLT	06018
target_verse	size	missing_chapter	GLT	06019
target_verse	size	missing_chapter	GLT	06020
target_verse	size	missing_chapter	GLT	06021
target_verse	size	missing_chapter	GLT	06022
target_verse	size	missing_chapter	GLT	06023
target_verse	size	missing_chapter	GLT	06024
target_verse	size	missing_verse	GLT	07001
target_verse	size	missing_verse	GLT	07002
target_verse	size	missing_verse	GLT	07003
target_verse	size	missing_verse	GLT	07004
target_verse	size	missing_verse	GLT	07005
target_verse	size	missing_chapter	GLT	07006
target_verse	size	missing_chapter	GLT	07007
target_verse	size	missing_chapter	GLT	07008
target_verse	size	missing_chapter	GLT	07009
target_verse	size	missing_chapter	GLT	07010
target_verse	size	missing_chapter	GLT	07011
target_verse	size	missing_chapter	GLT	07012
target_verse	size	missing_chapter	GLT	07013
target_verse	size	missing_chapter	GLT	07014
target_verse	size	missing_chapter	GLT	07015
target_verse	size	missing_chapter	GLT	07016
target_verse	size	missing_chapter	GLT	07017
target_verse	size	missing_chapter	GLT	07018
target_verse	size	missing_chapter	GLT	07019
target_verse	size	missing_chapter	GLT	07020
target_verse	size	missing_chapter	GLT	07021
target_verse	size	extra_verse	GLT	08001
target_verse	size	extra_verse	GLT	08002
target_verse	size	extra_verse	GLT	08003
target_verse	size	extra_verse	GLT	08004
target_verse	size	extra_verse	GLT	09001
target_verse	size	extra_verse	GLT	09002
target_verse	size	extra_verse	GLT	09003
target_verse	size	extra_verse	GLT	09004
target_verse	size	extra_verse	GLT	09005
target_verse	size	extra_verse	GLT	09006
target_verse	size	extra_verse	GLT	09007
target_verse	size	extra_verse	GLT	09008
target_verse	size	extra_verse	GLT	09009
target_verse	size	extra_verse	GLT	09010
target_verse	size	extra_verse	GLT	09011
target_verse	size	extra_verse	GLT	09012
target_verse	size	extra_verse	GLT	09013
target_verse	size	missing_verse	GLT	09014
target_verse	size	missing_verse	GLT	09015
target_verse	size	extra_verse	GLT	09016
target_verse	size	missing_verse	GLT	09017
target_verse	size	extra_verse	GLT	09018
target_verse	size	extra_verse	GLT	09019
target_verse	size	extra_verse	GLT	09020
target_verse	size	extra_verse	GLT	09021
target_verse	size	extra_verse	GLT	09022
target_verse	size	extra_verse	GLT	09023
target_verse	size	extra_verse	GLT	09024
target_verse	size	missing_verse	GLT	09025
target_verse	size	missing_chapter	GLT	09026
target_verse	size	missing_chapter	GLT	09027
target_verse	size	missing_chapter	GLT	09028
target_verse	size	missing_chapter	GLT	09029
target_verse	size	missing_chapter	GLT	09030
target_verse	size	missing_chapter	GLT	09031
target_verse	size	extra_verse	GLT	10001
target_verse	size	missing_verse	GLT	10002
target_verse	size	missing_verse	GLT	10003
target_verse	size	extra_verse	GLT	10004
target_verse	size	extra_verse	GLT	10005
target_verse	size	extra_verse	GLT	10006
target_verse	size	extra_verse	GLT	10007
target_verse	size	extra_verse	GLT	10008
target_verse	size	extra_verse	GLT	10009
target_verse	size	extra_verse	GLT	10010
target_verse	size	extra_verse	GLT	10011
target_verse	size	extra_verse	GLT	10012
target_verse	size	missing_verse	GLT	10013
target_verse	size	missing_verse	GLT	10014
target_verse	size	missing_verse	GLT	10015
target_verse	size	extra_verse	GLT	10016
target_verse	size	missing_verse	GLT	10017
target_verse	size	extra_verse	GLT	10018
target_verse	size	missing_verse	GLT	10019
target_verse	size	extra_verse	GLT	10020
target_verse	size	extra_verse	GLT	10021
target_verse	size	missing_verse	GLT	10022
target_verse	size	missing_chapter	GLT	10023
target_verse	size	missing_chapter	GLT	10024
target_verse	size	missing_verse	GLT	11001
target_verse	size	missing_verse	GLT	11002
target_verse	size	missing_verse	GLT	11003
target_verse	size	missing_verse	GLT	11004
target_verse	size	missing_verse	GLT	11005
target_verse	size	missing_verse	GLT	11006
target_verse	size	missing_verse	GLT	11007
target_verse	size	missing_verse	GLT	11008
target_verse	size	missing_verse	GLT	11009
target_verse	size	extra_verse	GLT	11010
target_verse	size	missing_verse	GLT	11011
target_verse	size	missing_verse	GLT	11012
target_verse	size	missing_verse	GLT	11013
target_verse	size	extra_verse	GLT	11014
target_verse	size	extra_verse	GLT	11015
target_verse	size	missing_verse	GLT	11016
target_verse	size	missing_verse	GLT	11017
target_verse	size	missing_chapter	GLT	11018
target_verse	size	missing_chapter	GLT	11019
target_verse	size	missing_chapter	GLT	11020
target_verse	size	missing_chapter	GLT	11021
target_verse	size	missing_chapter	GLT	11022
target_verse	size	extra_verse	GLT	12001
target_verse	size	missing_verse	GLT	12002
target_verse	size	missing_verse	GLT	12003
target_verse	size	missing_verse	GLT	12004
target_verse	size	missing_verse	GLT	12005
target_verse	size	missing_verse	GLT	12006
target_verse	size	missing_verse	GLT	12007
target_verse	size	missing_verse	GLT	12008
target_verse	size	missing_verse	GLT	12009
target_verse	size	missing_verse	GLT	12010
target_verse	size	extra_verse	GLT	12011
target_verse	size	missing_verse	GLT	12013
target_verse	size	missing_verse	GLT	12014
target_verse	size	missing_chapter	GLT	12015
target_verse	size	missing_chapter	GLT	12016
target_verse	size	missing_chapter	GLT	12017
target_verse	size	missing_chapter	GLT	12018
target_verse	size	missing_chapter	GLT	12019
target_verse	size	missing_chapter	GLT	12020
target_verse	size	missing_chapter	GLT	12021
target_verse	size	missing_chapter	GLT	12022
target_verse	size	missing_chapter	GLT	12023
target_verse	size	missing_chapter	GLT	12024
target_verse	size	missing_chapter	GLT	12025
target_verse	size	missing_verse	GLT	13001
target_verse	size	missing_verse	GLT	13002
target_verse	size	missing_verse	GLT	13003
target_verse	size	missing_verse	GLT	13004
target_verse	size	extra_verse	GLT	13005
target_verse	size	missing_verse	GLT	13006
target_verse	size	missing_verse	GLT	13007
target_verse	size	missing_chapter	GLT	13008
target_verse	size	missing_chapter	GLT	13009
target_verse	size	missing_chapter	GLT	13010
target_verse	size	missing_chapter	GLT	13011
target_verse	size	missing_chapter	GLT	13012
target_verse	size	missing_chapter	GLT	13013
target_verse	size	missing_chapter	GLT	13014
target_verse	size	missing_chapter	GLT	13015
target_verse	size	missing_chapter	GLT	13016
target_verse	size	missing_chapter	GLT	13017
target_verse	size	missing_chapter	GLT	13018
target_verse	size	missing_chapter	GLT	13019
target_verse	size	missing_chapter	GLT	13020
target_verse	size	missing_chapter	GLT	13021
target_verse	size	missing_chapter	GLT	13022
target_verse	size	missing_chapter	GLT	13023
target_verse	size	missing_chapter	GLT	13024
target_verse	size	missing_chapter	GLT	13025
target_verse	size	missing_chapter	GLT	13026
target_verse	size	missing_chapter	GLT	13027
target_verse	size	missing_chapter	GLT	13028
target_verse	size	missing_chapter	GLT	13029
target_verse	size	extra_verse	GLT	14001
target_verse	size	extra_verse	GLT	14002
target_verse	size	extra_verse	GLT	14003
target_verse	size	extra_verse	GLT	14004
target_verse	size	missing_verse	GLT	14005
target_verse	size	missing_chapter	GLT	14006
target_verse	size	missing_chapter	GLT	14007
target_verse	size	missing_chapter	GLT	14008
target_verse	size	missing_chapter	GLT	14009
target_verse	size	missing_chapter	GLT	14010
target_verse	size	missing_chapter	GLT	14011
target_verse	size	missing_chapter	GLT	14012
target_verse	size	missing_chapter	GLT	14013
target_verse	size	missing_chapter	GLT	14014
target_verse	size	missing_chapter	GLT	14015
target_verse	size	missing_chapter	GLT	14016
target_verse	size	missing_chapter	GLT	14017
target_verse	size	missing_chapter	GLT	14018
target_verse	size	missing_chapter	GLT	14019
target_verse	size	missing_chapter	GLT	14020
target_verse	size	missing_chapter	GLT	14021
target_verse	size	missing_chapter	GLT	14022
target_verse	size	missing_chapter	GLT	14023
target_verse	size	missing_chapter	GLT	14024
target_verse	size	missing_chapter	GLT	14025
target_verse	size	missing_chapter	GLT	14026
target_verse	size	missing_chapter	GLT	14027
target_verse	size	missing_chapter	GLT	14028
target_verse	size	missing_chapter	GLT	14029
target_verse	size	missing_chapter	GLT	14030
target_verse	size	missing_chapter	GLT	14031
target_verse	size	missing_chapter	GLT	14032
target_verse	size	missing_chapter	GLT	14033
target_verse	size	missing_chapter	GLT	14034
target_verse	size	missing_chapter	GLT	14035
target_verse	size	missing_chapter	GLT	14036
target_verse	size	extra_verse	GLT	15001
target_verse	size	missing_verse	GLT	15002
target_verse	size	extra_verse	GLT	15003
target_verse	size	missing_verse	GLT	15004
target_verse	size	missing_verse	GLT	15005
target_verse	size	missing_chapter	GLT	15006
target_verse	size	missing_chapter	GLT	15007
target_verse	size	missing_chapter	GLT	15008
target_verse	size	missing_chapter	GLT	15009
target_verse	size	missing_chapter	GLT	15010
target_verse	size	missing_verse	GLT	16001
target_verse	size	missing_verse	GLT	16003
target_verse	size	missing_verse	GLT	16004
target_verse	size	extra_verse	GLT	16005
target_verse	size	missing_verse	GLT	16006
target_verse	size	missing_chapter	GLT	16007
target_verse	size	missing_chapter	GLT	16008
target_verse	size	missing_chapter	GLT	16009
target_verse	size	missing_chapter	GLT	16010
target_verse	size	missing_chapter	GLT	16011
target_verse	size	missing_chapter	GLT	16012
target_verse	size	missing_chapter	GLT	16013
target_verse	size	missing_verse	GLT	17001
target_verse	size	missing_verse	GLT	17002
target_verse	size	extra_verse	GLT	17003
target_verse	size	missing_verse	GLT	17004
target_verse	size	missing_chapter	GLT	17005
target_verse	size	missing_chapter	GLT	17006
target_verse	size	missing_chapter	GLT	17007
target_verse	size	missing_chapter	GLT	17008
target_verse	size	missing_chapter	GLT	17009
target_verse	size	missing_chapter	GLT	17010
target_verse	size	missing_verse	GLT	18001
target_verse	size	extra_verse	GLT	18002
target_verse	size	missing_verse	GLT	18003
target_verse	size	missing_verse	GLT	18004
target_verse	size	missing_verse	GLT	18005
target_verse	size	missing_verse	GLT	18006
target_verse	size	missing_verse	GLT	18007
target_verse	size	missing_chapter	GLT	18008
target_verse	size	missing_chapter	GLT	18009
target_verse	size	missing_chapter	GLT	18010
target_verse	size	missing_chapter	GLT	18011
target_verse	size	missing_chapter	GLT	18012
target_verse	size	missing_chapter	GLT	18013
target_verse	size	missing_chapter	GLT	18014
target_verse	size	missing_chapter	GLT	18015
target_verse	size	missing_chapter	GLT	18016
target_verse	size	missing_chapter	GLT	18017
target_verse	size	missing_chapter	GLT	18018
target_verse	size	missing_chapter	GLT	18019
target_verse	size	missing_chapter	GLT	18020
target_verse	size	missing_chapter	GLT	18021
target_verse	size	missing_chapter	GLT	18022
target_verse	size	missing_chapter	GLT	18023
target_verse	size	missing_chapter	GLT	18024
target_verse	size	missing_chapter	GLT	18025
target_verse	size	missing_chapter	GLT	18026
target_verse	size	missing_chapter	GLT	18027
target_verse	size	missing_chapter	GLT	18028
target_verse	size	missing_chapter	GLT	18029
target_verse	size	missing_chapter	GLT	18030
target_verse	size	missing_chapter	GLT	18031
target_verse	size	missing_chapter	GLT	18032
target_verse	size	missing_chapter	GLT	18033
target_verse	size	missing_chapter	GLT	18034
target_verse	size	missing_chapter	GLT	18035
target_verse	size	missing_chapter	GLT	18036
target_verse	size	missing_chapter	GLT	18037
target_verse	size	missing_chapter	GLT	18038
target_verse	size	missing_chapter	GLT	18039
target_verse	size	missing_chapter	GLT	18040
target_verse	size	missing_chapter	GLT	18041
target_verse	size	missing_chapter	GLT	18042
target_verse	size	extra_verse	GLT	19001
target_verse	size	extra_verse	GLT	19002
target_verse	size	extra_verse	GLT	19003
target_verse	size	extra_verse	GLT	19004
target_verse	size	missing_verse	GLT	19005
target_verse	size	missing_chapter	GLT	19006
target_verse	size	missing_chapter	GLT	19007
target_verse	size	missing_chapter	GLT	19008
target_verse	size	missing_chapter	GLT	19009
target_verse	size	missing_chapter	GLT	19010
target_verse	size	missing_chapter	GLT	19011
target_verse	size	missing_chapter	GLT	19012
target_verse	size	missing_chapter	GLT	19013
target_verse	size	missing_chapter	GLT	19014
target_verse	size	missing_chapter	GLT	19015
target_verse	size	missing_chapter	GLT	19016
target_verse	size	missing_chapter	GLT	19017
target_verse	size	missing_chapter	GLT	19018
target_verse	size	missing_chapter	GLT	19019
target_verse	size	missing_chapter	GLT	19020
target_verse	size	missing_chapter	GLT	19021
target_verse	size	missing_chapter	GLT	19022
target_verse	size	missing_chapter	GLT	19023
target_verse	size	missing_chapter	GLT	19024
target_verse	size	missing_chapter	GLT	19025
target_verse	size	missing_chapter	GLT	19026
target_verse	size	missing_chapter	GLT	19027
target_verse	size	missing_chapter	GLT	19028
target_verse	size	missing_chapter	GLT	19029
target_verse	size	missing_chapter	GLT	19030
target_verse	size	missing_chapter	GLT	19031
target_verse	size	missing_chapter	GLT	19032
target_verse	size	missing_chapter	GLT	19033
target_verse	size	missing_chapter	GLT	19034
target_verse	size	missing_chapter	GLT	19035
target_verse	size	missing_chapter	GLT	19036
target_verse	size	missing_chapter	GLT	19037
target_verse	size	missing_chapter	GLT	19038
target_verse	size	missing_chapter	GLT	19039
target_verse	size	missing_chapter	GLT	19040
target_verse	size	missing_chapter	GLT	19041
target_verse	size	missing_chapter	GLT	19042
target_verse	size	missing_chapter	GLT	19043
target_verse	size	missing_chapter	GLT	19044
target_verse	size	missing_chapter	GLT	19045
target_verse	size	missing_chapter	GLT	19046
target_verse	size	missing_chapter	GLT	19047
target_verse	size	missing_chapter	GLT	19048
target_verse	size	missing_chapter	GLT	19049
target_verse	size	missing_chapter	GLT	19050
target_verse	size	missing_chapter	GLT	19051
target_verse	size	missing_chapter	GLT	19052
target_verse	size	missing_chapter	GLT	19053
target_verse	size	missing_chapter	GLT	19054
target_verse	size	missing_chapter	GLT	19055
target_verse	size	missing_chapter	GLT	19056
target_verse	size	missing_chapter	GLT	19057
target_verse	size	missing_chapter	GLT	19058
target_verse	size	missing_chapter	GLT	19059
target_verse	size	missing_chapter	GLT	19060
target_verse	size	missing_chapter	GLT	19061
target_verse	size	missing_chapter	GLT	19062
target_verse	size	missing_chapter	GLT	19063
target_verse	size	missing_chapter	GLT	19064
target_verse	size	missing_chapter	GLT	19065
target_verse	size	missing_chapter	GLT	19066
target_verse	size	missing_chapter	GLT	19067
target_verse	size	missing_chapter	GLT	19068
target_verse	size	missing_chapter	GLT	19069
target_verse	size	missing_chapter	GLT	19070
target_verse	size	missing_chapter	GLT	19071
target_verse	size	missing_chapter	GLT	19072
target_verse	size	missing_chapter	GLT	19073
target_verse	size	missing_chapter	GLT	19074
target_verse	size	missing_chapter	GLT	19075
target_verse	size	missing_chapter	GLT	19076
target_verse	size	missing_chapter	GLT	19077
target_verse	size	missing_chapter	GLT	19078
target_verse	size	missing_chapter	GLT	19079
target_verse	size	missing_chapter	GLT	19080
target_verse	size	missing_chapter	GLT	19081
target_verse	size	missing_chapter	GLT	19082
target_verse	size	missing_chapter	GLT	19083
target_verse	size	missing_chapter	GLT	19084
target_verse	size	missing_chapter	GLT	19085
target_verse	size	missing_chapter	GLT	19086
target_verse	size	missing_chapter	GLT	19087
target_verse	size	missing_chapter	GLT	19088
target_verse	size	missing_chapter	GLT	19089
target_verse	size	missing_chapter	GLT	19090
target_verse	size	missing_chapter	GLT	19091
target_verse	size	missing_chapter	GLT	19092
target_verse	size	missing_chapter	GLT	19093
target_verse	size	missing_chapter	GLT	19094
target_verse	size	missing_chapter	GLT	19095
target_verse	size	missing_chapter	GLT	19096
target_verse	size	missing_chapter	GLT	19097
target_verse	size	missing_chapter	GLT	19098
target_verse	size	missing_chapter	GLT	19099
target_verse	size	missing_chapter	GLT	19100
target_verse	size	missing_chapter	GLT	19101
target_verse	size	missing_chapter	GLT	19102
target_verse	size	missing_chapter	GLT	19103
target_verse	size	missing_chapter	GLT	19104
target_verse	size	missing_chapter	GLT	19105
target_verse	size	missing_chapter	GLT	19106
target_verse	size	missing_chapter	GLT	19107
target_verse	size	missing_chapter	GLT	19108
target_verse	size	missing_chapter	GLT	19109
target_verse	size	missing_chapter	GLT	19110
target_verse	size	missing_chapter	GLT	19111
target_verse	size	missing_chapter	GLT	19112
target_verse	size	missing_chapter	GLT	19113
target_verse	size	missing_chapter	GLT	19114
target_verse	size	missing_chapter	GLT	19115
target_verse	size	missing_chapter	GLT	19116
target_verse	size	missing_chapter	GLT	19117
target_verse	size	missing_chapter	GLT	19118
target_verse	size	missing_chapter	GLT	19119
target_verse	size	missing_chapter	GLT	19120
target_verse	size	missing_chapter	GLT	19121
target_verse	size	missing_chapter	GLT	19122
target_verse	size	missing_chapter	GLT	19123
target_verse	size	missing_chapter	GLT	19124
target_verse	size	missing_chapter	GLT	19125
target_verse	size	missing_chapter	GLT	19126
target_verse	size	missing_chapter	GLT	19127
target_verse	size	missing_chapter	GLT	19128
target_verse	size	missing_chapter	GLT	19129
target_verse	size	missing_chapter	GLT	19130
target_verse	size	missing_chapter	GLT	19131
target_verse	size	missing_chapter	GLT	19132
target_verse	size	missing_chapter	GLT	19133
target_verse	size	missing_chapter	GLT	19134
target_verse	size	missing_chapter	GLT	19135
target_verse	size	missing_chapter	GLT	19136
target_verse	size	missing_chapter	GLT	19137
target_verse	size	missing_chapter	GLT	19138
target_verse	size	missing_chapter	GLT	19139
target_verse	size	missing_chapter	GLT	19140
target_verse	size	missing_chapter	GLT	19141
target_verse	size	missing_chapter	GLT	19142
target_verse	size	missing_chapter	GLT	19143
target_verse	size	missing_chapter	GLT	19144
target_verse	size	missing_chapter	GLT	19145
target_verse	size	missing_chapter	GLT	19146
target_verse	size	missing_chapter	GLT	19147
target_verse	size	missing_chapter	GLT	19148
target_verse	size	missing_chapter	GLT	19149
target_verse	size	missing_chapter	GLT	19150
target_verse	size	missing_verse	GLT	20001
target_verse	size	missing_verse	GLT	20002
target_verse	size	missing_verse	GLT	20003
target_verse	size	missing_verse	GLT	20004
target_verse	size	missing_chapter	GLT	20005
target_verse	size	missing_chapter	GLT	20006
target_verse	size	missing_chapter	GLT	20007
target_verse	size	missing_chapter	GLT	20008
target_verse	size	missing_chapter	GLT	20009
target_verse	size	missing_chapter	GLT	20010
target_verse	size	missing_chapter	GLT	20011
target_verse	size	missing_chapter	GLT	20012
target_verse	size	missing_chapter	GLT	20013
target_verse	size	missing_chapter	GLT	20014
target_verse	size	missing_chapter	GLT	20015
target_verse	size	missing_chapter	GLT	20016
target_verse	size	missing_chapter	GLT	20017
target_verse	size	missing_chapter	GLT	20018
target_verse	size	missing_chapter	GLT	20019
target_verse	size	missing_chapter	GLT	20020
target_verse	size	missing_chapter	GLT	20021
target_verse	size	missing_chapter	GLT	20022
target_verse	size	missing_chapter	GLT	20023
target_verse	size	missing_chapter	GLT	20024
target_verse	size	missing_chapter	GLT	20025
target_verse	size	missing_chapter	GLT	20026
target_verse	size	missing_chapter	GLT	20027
target_verse	size	missing_chapter	GLT	20028
target_verse	size	missing_chapter	GLT	20029
target_verse	size	missing_chapter	GLT	20030
target_verse	size	missing_chapter	GLT	20031
target_verse	size	extra_verse	GLT	21001
target_verse	size	missing_verse	GLT	21002
target_verse	size	missing_chapter	GLT	21003
target_verse	size	missing_chapter	GLT	21004
target_verse	size	missing_chapter	GLT	21005
target_verse	size	missing_chapter	GLT	21006
target_verse	size	missing_chapter	GLT	21007
target_verse	size	missing_chapter	GLT	21008
target_verse	size	missing_chapter	GLT	21009
target_verse	size	missing_chapter	GLT	21010
target_verse	size	missing_chapter	GLT	21011
target_verse	size	missing_chapter	GLT	21012
target_verse	size	extra_verse	GLT	22001
target_verse	size	extra_verse	GLT	22002
target_verse	size	extra_verse	GLT	22003
target_verse	size	extra_verse	GLT	22004
target_verse	size	extra_verse	GLT	22005
target_verse	size	missing_verse	GLT	22006
target_verse	size	missing_chapter	GLT	22007
target_verse	size	missing_chapter	GLT	22008
target_verse	size	missing_verse	GLT	23001
target_verse	size	extra_verse	GLT	23002
target_verse	size	missing_verse	GLT	23003
target_verse	size	extra_verse	GLT	23004
target_verse	size	missing_verse	GLT	23005
target_verse	size	missing_verse	GLT	23006
target_verse	size	missing_chapter	GLT	23007
target_verse	size	missing_chapter	GLT	23008
target_verse	size	missing_chapter	GLT	23009
target_verse	size	missing_chapter	GLT	23010
target_verse	size	missing_chapter	GLT	23011
target_verse	size	missing_chapter	GLT	23012
target_verse	size	missing_chapter	GLT	23013
target_verse	size	missing_chapter	GLT	23014
target_verse	size	missing_chapter	GLT	23015
target_verse	size	missing_chapter	GLT	23016
target_verse	size	missing_chapter	GLT	23017
target_verse	size	missing_chapter	GLT	23018
target_verse	size	missing_chapter	GLT	23019
target_verse	size	missing_chapter	GLT	23020
target_verse	size	missing_chapter	GLT	23021
target_verse	size	missing_chapter	GLT	23022
target_verse	size	missing_chapter	GLT	23023
target_verse	size	missing_chapter	GLT	23024
target_verse	size	missing_chapter	GLT	23025
target_verse	size	missing_chapter	GLT	23026
target_verse	size	missing_chapter	GLT	23027
target_verse	size	missing_chapter	GLT	23028
target_verse	size	missing_chapter	GLT	23029
target_verse	size	missing_chapter	GLT	23030
target_verse	size	missing_chapter	GLT	23031
target_verse	size	missing_chapter	GLT	23032
target_verse	size	missing_chapter	GLT	23033
target_verse	size	missing_chapter	GLT	23034
target_verse	size	missing_chapter	GLT	23035
target_verse	size	missing_chapter	GLT	23036
target_verse	size	missing_chapter	GLT	23037
target_verse	size	missing_chapter	GLT	23038
target_verse	size	missing_chapter	GLT	23039
target_verse	size	missing_chapter	GLT	23040
target_verse	size	missing_chapter	GLT	23041
target_verse	size	missing_chapter	GLT	23042
target_verse	size	missing_chapter	GLT	23043
target_verse	size	missing_chapter	GLT	23044
target_verse	size	missing_chapter	GLT	23045
target_verse	size	missing_chapter	GLT	23046
target_verse	size	missing_chapter	GLT	23047
target_verse	size	missing_chapter	GLT	23048
target_verse	size	missing_chapter	GLT	23049
target_verse	size	missing_chapter	GLT	23050
target_verse	size	missing_chapter	GLT	23051
target_verse	size	missing_chapter	GLT	23052
target_verse	size	missing_chapter	GLT	23053
target_verse	size	missing_chapter	GLT	23054
target_verse	size	missing_chapter	GLT	23055
target_verse	size	missing_chapter	GLT	23056
target_verse	size	missing_chapter	GLT	23057
target_verse	size	missing_chapter	GLT	23058
target_verse	size	missing_chapter	GLT	23059
target_verse	size	missing_chapter	GLT	23060
target_verse	size	missing_chapter	GLT	23061
target_verse	size	missing_chapter	GLT	23062
target_verse	size	missing_chapter	GLT	23063
target_verse	size	missing_chapter	GLT	23064
target_verse	size	missing_chapter	GLT	23065
target_verse	size	missing_chapter	GLT	23066
target_verse	size	extra_verse	GLT	24001
target_verse	size	missing_verse	GLT	24002
target_verse	size	missing_verse	GLT	24003
target_verse	size	missing_verse	GLT	24004
target_verse	size	missing_chapter	GLT	24005
target_verse	size	missing_chapter	GLT	24006
target_verse	size	missing_chapter	GLT	24007
target_verse	size	missing_chapter	GLT	24008
target_verse	size	missing_chapter	GLT	24009
target_verse	size	missing_chapter	GLT	24010
target_verse	size	missing_chapter	GLT	24011
target_verse	size	missing_chapter	GLT	24012
target_verse	size	missing_chapter	GLT	24013
target_verse	size	missing_chapter	GLT	24014
target_verse	size	missing_chapter	GLT	24015
target_verse	size	missing_chapter	GLT	24016
target_verse	size	missing_chapter	GLT	24017
target_verse	size	missing_chapter	GLT	24018
target_verse	size	missing_chapter	GLT	24019
target_verse	size	missing_chapter	GLT	24020
target_verse	size	missing_chapter	GLT	24021
target_verse	size	missing_chapter	GLT	24022
target_verse	size	missing_chapter	GLT	24023
target_verse	size	missing_chapter	GLT	24024
target_verse	size	missing_chapter	GLT	24025
target_verse	size	missing_chapter	GLT	24026
target_verse	size	missing_chapter	GLT	24027
target_verse	size	missing_chapter	GLT	24028
target_verse	size	missing_chapter	GLT	24029
target_verse	size	missing_chapter	GLT	24030
target_verse	size	missing_chapter	GLT	24031
target_verse	size	missing_chapter	GLT	24032
target_verse	size	missing_chapter	GLT	24033
target_verse	size	missing_chapter	GLT	24034
target_verse	size	missing_chapter	GLT	24035
target_verse	size	missing_chapter	GLT	24036
target_verse	size	missing_chapter	GLT	24037
target_verse	size	missing_chapter	GLT	24038
target_verse	size	missing_chapter	GLT	24039
target_verse	size	missing_chapter	GLT	24040
target_verse	size	missing_chapter	GLT	24041
target_verse	size	missing_chapter	GLT	24042
target_verse	size	missing_chapter	GLT	24043
target_verse	size	missing_chapter	GLT	24044
target_verse	size	missing_chapter	GLT	24045
target_verse	size	missing_chapter	GLT	24046
target_verse	size	missing_chapter	GLT	24047
target_verse	size	missing_chapter	GLT	24048
target_verse	size	missing_chapter	GLT	24049
target_verse	size	missing_chapter	GLT	24050
target_verse	size	missing_chapter	GLT	24051
target_verse	size	missing_chapter	GLT	24052
target_verse	size	missing_verse	GLT	25001
target_verse	size	extra_verse	GLT	25002
target_verse	size	missing_verse	GLT	25003
target_verse	size	missing_verse	GLT	25004
target_verse	size	missing_verse	GLT	25005
target_verse	size	missing_verse	GLT	26001
target_verse	size	missing_verse	GLT	26002
target_verse	size	missing_chapter	GLT	26003
target_verse	size	missing_chapter	GLT	26004
target_verse	size	missing_chapter	GLT	26005
target_verse	size	missing_chapter	GLT	26006
target_verse	size	missing_chapter	GLT	26007
target_verse	size	missing_chapter	GLT	26008
target_verse	size	missing_chapter	GLT	26009
target_verse	size	missing_chapter	GLT	26010
target_verse	size	missing_chapter	GLT	26011
target_verse	size	missing_chapter	GLT	26012
target_verse	size	missing_chapter	GLT	26013
target_verse	size	missing_chapter	GLT	26014
target_verse	size	missing_chapter	GLT	26015
target_verse	size	missing_chapter	GLT	26016
target_verse	size	missing_chapter	GLT	26017
target_verse	size	missing_chapter	GLT	26018
target_verse	size	missing_chapter	GLT	26019
target_verse	size	missing_chapter	GLT	26020
target_verse	size	missing_chapter	GLT	26021
target_verse	size	missing_chapter	GLT	26022
target_verse	size	missing_chapter	GLT	26023
target_verse	size	missing_chapter	GLT	26024
target_verse	size	missing_chapter	GLT	26025
target_verse	size	missing_chapter	GLT	26026
target_verse	size	missing_chapter	GLT	26027
target_verse	size	missing_chapter	GLT	26028
target_verse	size	missing_chapter	GLT	26029
target_verse	size	missing_chapter	GLT	26030
target_verse	size	missing_chapter	GLT	26031
target_verse	size	missing_chapter	GLT	26032
target_verse	size	missing_chapter	GLT	26033
target_verse	size	missing_chapter	GLT	26034
target_verse	size	missing_chapter	GLT	26035
target_verse	size	missing_chapter	GLT	26036
target_verse	size	missing_chapter	GLT	26037
target_verse	size	missing_chapter	GLT	26038
target_verse	size	missing_chapter	GLT	26039
target_verse	size	missing_chapter	GLT	26040
target_verse	size	missing_chapter	GLT	26041
target_verse	size	missing_chapter	GLT	26042
target_verse	size	missing_chapter	GLT	26043
target_verse	size	missing_chapter	GLT	26044
target_verse	size	missing_chapter	GLT	26045
target_verse	size	missing_chapter	GLT	26046
target_verse	size	missing_chapter	GLT	26047
target_verse	size	missing_chapter	GLT	26048
target_verse	size	missing_verse	GLT	27001
target_verse	size	missing_verse	GLT	27002
target_verse	size	missing_chapter	GLT	27003
target_verse	size	missing_chapter	GLT	27004
target_verse	size	missing_chapter	GLT	27005
target_verse	size	missing_chapter	GLT	27006
target_verse	size	missing_chapter	GLT	27007
target_verse	size	missing_chapter	GLT	27008
target_verse	size	missing_chapter	GLT	27009
target_verse	size	missing_chapter	GLT	27010
target_verse	size	missing_chapter	GLT	27011
target_verse	size	missing_chapter	GLT	27012
target_verse	size	extra_verse	GLT	28001
target_verse	size	missing_chapter	GLT	28002
target_verse	size	missing_chapter	GLT	28003
target_verse	size	missing_chapter	GLT	28004
target_verse	size	missing_chapter	GLT	28005
target_verse	size	missing_chapter	GLT	28006
target_verse	size	missing_chapter	GLT	28007
target_verse	size	missing_chapter	GLT	28008
target_verse	size	missing_chapter	GLT	28009
target_verse	size	missing_chapter	GLT	28010
target_verse	size	missing_chapter	GLT	28011
target_verse	size	missing_chapter	GLT	28012
target_verse	size	missing_chapter	GLT	28013
target_verse	size	missing_chapter	GLT	28014
target_verse	size	missing_book	GLT	29
target_verse	size	missing_book	GLT	30
target_verse	size	missing_book	GLT	31
target_verse	size	missing_book	GLT	32
target_verse	size	missing_book	GLT	33
target_verse	size	missing_book	GLT	34
target_verse	size	missing_book	GLT	35
target_verse	size	missing_book	GLT	36
target_verse	size	missing_book	GLT	37
target_verse	size	missing_book	GLT	38
target_verse	size	missing_book	GLT	39
target_verse	size	missing_book	GLT	40
target_verse	size	missing_book	GLT	41
target_verse	size	missing_book	GLT	42
target_verse	size	missing_book	GLT	43
target_verse	size	missing_book	GLT	44
target_verse	size	missing_book	GLT	45
target_verse	size	missing_book	GLT	46
target_verse	size	missing_book	GLT	47
target_verse	size	missing_book	GLT	48
target_verse	size	missing_book	GLT	49
target_verse	size	missing_book	GLT	50
target_verse	size	missing_book	GLT	51
target_verse	size	missing_book	GLT	52
target_verse	size	missing_book	GLT	53
target_verse	size	missing_book	GLT	54
target_verse	size	missing_book	GLT	55
target_verse	size	missing_book	GLT	56
target_verse	size	missing_book	GLT	57
target_verse	size	missing_book	GLT	58
target_verse	size	missing_book	GLT	59
target_verse	size	missing_book	GLT	60
target_verse	size	missing_book	GLT	61
target_verse	size	missing_book	GLT	62
target_verse	size	missing_book	GLT	63
target_verse	size	missing_book	GLT	64
target_verse	size	missing_book	GLT	65
target_verse	size	missing_book	GLT	66
