target_verse	mapping	missing_verse	GST	001031055
target_verse	mapping	missing_verse	GST	001032001
target_verse	mapping	missing_verse	GST	001032002
target_verse	mapping	missing_verse	GST	001032003
target_verse	mapping	missing_verse	GST	001032004
target_verse	mapping	missing_verse	GST	001032005
target_verse	mapping	missing_verse	GST	001032006
target_verse	mapping	missing_verse	GST	001032007
target_verse	mapping	missing_verse	GST	001032008
target_verse	mapping	missing_verse	GST	001032009
target_verse	mapping	missing_verse	GST	001032010
target_verse	mapping	missing_verse	GST	001032011
target_verse	mapping	missing_verse	GST	001032012
target_verse	mapping	missing_verse	GST	001032013
target_verse	mapping	missing_verse	GST	001032014
target_verse	mapping	missing_verse	GST	001032015
target_verse	mapping	missing_verse	GST	001032016
target_verse	mapping	missing_verse	GST	001032017
target_verse	mapping	missing_verse	GST	001032018
target_verse	mapping	missing_verse	GST	001032019
target_verse	mapping	missing_verse	GST	001032020
target_verse	mapping	missing_verse	GST	001032021
target_verse	mapping	missing_verse	GST	001032022
target_verse	mapping	missing_verse	GST	001032023
target_verse	mapping	missing_verse	GST	001032024
target_verse	mapping	missing_verse	GST	001032025
target_verse	mapping	missing_verse	GST	001032026
target_verse	mapping	missing_verse	GST	001032027
target_verse	mapping	missing_verse	GST	001032028
target_verse	mapping	missing_verse	GST	001032029
target_verse	mapping	missing_verse	GST	001032030
target_verse	mapping	missing_verse	GST	001032031
target_verse	mapping	missing_verse	GST	001032032
target_verse	mapping	missing_verse	GST	002008001
target_verse	mapping	missing_verse	GST	002008002
target_verse	mapping	missing_verse	GST	002008003
target_verse	mapping	missing_verse	GST	002008004
target_verse	mapping	missing_verse	GST	002008005
target_verse	mapping	missing_verse	GST	002008006
target_verse	mapping	missing_verse	GST	002008007
target_verse	mapping	missing_verse	GST	002008008
target_verse	mapping	missing_verse	GST	002008009
target_verse	mapping	missing_verse	GST	002008010
target_verse	mapping	missing_verse	GST	002008011
target_verse	mapping	missing_verse	GST	002008012
target_verse	mapping	missing_verse	GST	002008013
target_verse	mapping	missing_verse	GST	002008014
target_verse	mapping	missing_verse	GST	002008015
target_verse	mapping	missing_verse	GST	002008016
target_verse	mapping	missing_verse	GST	002008017
target_verse	mapping	missing_verse	GST	002008018
target_verse	mapping	missing_verse	GST	002008019
target_verse	mapping	missing_verse	GST	002008020
target_verse	mapping	missing_verse	GST	002008021
target_verse	mapping	missing_verse	GST	002008022
target_verse	mapping	missing_verse	GST	002008023
target_verse	mapping	missing_verse	GST	002008024
target_verse	mapping	missing_verse	GST	002008025
target_verse	mapping	missing_verse	GST	002008026
target_verse	mapping	missing_verse	GST	002008027
target_verse	mapping	missing_verse	GST	002008028
target_verse	mapping	missing_verse	GST	002008029
target_verse	mapping	missing_verse	GST	002008030
target_verse	mapping	missing_verse	GST	002008031
target_verse	mapping	missing_verse	GST	002008032
target_verse	mapping	missing_verse	GST	002022001
target_verse	mapping	missing_verse	GST	002022002
target_verse	mapping	missing_verse	GST	002022003
target_verse	mapping	missing_verse	GST	002022004
target_verse	mapping	missing_verse	GST	002022005
target_verse	mapping	missing_verse	GST	002022006
target_verse	mapping	missing_verse	GST	002022007
target_verse	mapping	missing_verse	GST	002022008
target_verse	mapping	missing_verse	GST	002022009
target_verse	mapping	missing_verse	GST	002022010
target_verse	mapping	missing_verse	GST	002022011
target_verse	mapping	missing_verse	GST	002022012
target_verse	mapping	missing_verse	GST	002022013
target_verse	mapping	missing_verse	GST	002022014
target_verse	mapping	missing_verse	GST	002022015
target_verse	mapping	missing_verse	GST	002022016
target_verse	mapping	missing_verse	GST	002022017
target_verse	mapping	missing_verse	GST	002022018
target_verse	mapping	missing_verse	GST	002022019
target_verse	mapping	missing_verse	GST	002022020
target_verse	mapping	missing_verse	GST	002022021
target_verse	mapping	missing_verse	GST	002022022
target_verse	mapping	missing_verse	GST	002022023
target_verse	mapping	missing_verse	GST	002022024
target_verse	mapping	missing_verse	GST	002022025
target_verse	mapping	missing_verse	GST	002022026
target_verse	mapping	missing_verse	GST	002022027
target_verse	mapping	missing_verse	GST	002022028
target_verse	mapping	missing_verse	GST	002022029
target_verse	mapping	missing_verse	GST	002022030
target_verse	mapping	missing_verse	GST	002022031
target_verse	mapping	missing_verse	GST	003006001
target_verse	mapping	missing_verse	GST	003006002
target_verse	mapping	missing_verse	GST	003006003
target_verse	mapping	missing_verse	GST	003006004
target_verse	mapping	missing_verse	GST	003006005
target_verse	mapping	missing_verse	GST	003006006
target_verse	mapping	missing_verse	GST	003006007
target_verse	mapping	missing_verse	GST	003006008
target_verse	mapping	missing_verse	GST	003006009
target_verse	mapping	missing_verse	GST	003006010
target_verse	mapping	missing_verse	GST	003006011
target_verse	mapping	missing_verse	GST	003006012
target_verse	mapping	missing_verse	GST	003006013
target_verse	mapping	missing_verse	GST	003006014
target_verse	mapping	missing_verse	GST	003006015
target_verse	mapping	missing_verse	GST	003006016
target_verse	mapping	missing_verse	GST	003006017
target_verse	mapping	missing_verse	GST	003006018
target_verse	mapping	missing_verse	GST	003006019
target_verse	mapping	missing_verse	GST	003006020
target_verse	mapping	missing_verse	GST	003006021
target_verse	mapping	missing_verse	GST	003006022
target_verse	mapping	missing_verse	GST	003006023
target_verse	mapping	missing_verse	GST	003006024
target_verse	mapping	missing_verse	GST	003006025
target_verse	mapping	missing_verse	GST	003006026
target_verse	mapping	missing_verse	GST	003006027
target_verse	mapping	missing_verse	GST	003006028
target_verse	mapping	missing_verse	GST	003006029
target_verse	mapping	missing_verse	GST	003006030
target_verse	mapping	missing_verse	GST	004016036
target_verse	mapping	missing_verse	GST	004016037
target_verse	mapping	missing_verse	GST	004016038
target_verse	mapping	missing_verse	GST	004016039
target_verse	mapping	missing_verse	GST	004016040
target_verse	mapping	missing_verse	GST	004016041
target_verse	mapping	missing_verse	GST	004016042
target_verse	mapping	missing_verse	GST	004016043
target_verse	mapping	missing_verse	GST	004016044
target_verse	mapping	missing_verse	GST	004016045
target_verse	mapping	missing_verse	GST	004016046
target_verse	mapping	missing_verse	GST	004016047
target_verse	mapping	missing_verse	GST	004016048
target_verse	mapping	missing_verse	GST	004016049
target_verse	mapping	missing_verse	GST	004016050
target_verse	mapping	missing_verse	GST	004017001
target_verse	mapping	missing_verse	GST	004017002
target_verse	mapping	missing_verse	GST	004017003
target_verse	mapping	missing_verse	GST	004017004
target_verse	mapping	missing_verse	GST	004017005
target_verse	mapping	missing_verse	GST	004017006
target_verse	mapping	missing_verse	GST	004017007
target_verse	mapping	missing_verse	GST	004017008
target_verse	mapping	missing_verse	GST	004017009
target_verse	mapping	missing_verse	GST	004017010
target_verse	mapping	missing_verse	GST	004017011
target_verse	mapping	missing_verse	GST	004017012
target_verse	mapping	missing_verse	GST	004017013
target_verse	mapping	missing_verse	GST	004029040
target_verse	mapping	missing_verse	GST	004030001
target_verse	mapping	missing_verse	GST	004030002
target_verse	mapping	missing_verse	GST	004030003
target_verse	mapping	missing_verse	GST	004030004
target_verse	mapping	missing_verse	GST	004030005
target_verse	mapping	missing_verse	GST	004030006
target_verse	mapping	missing_verse	GST	004030007
target_verse	mapping	missing_verse	GST	004030008
target_verse	mapping	missing_verse	GST	004030009
target_verse	mapping	missing_verse	GST	004030010
target_verse	mapping	missing_verse	GST	004030011
target_verse	mapping	missing_verse	GST	004030012
target_verse	mapping	missing_verse	GST	004030013
target_verse	mapping	missing_verse	GST	004030014
target_verse	mapping	missing_verse	GST	004030015
target_verse	mapping	missing_verse	GST	004030016
target_verse	mapping	missing_verse	GST	005012032
target_verse	mapping	missing_verse	GST	005013001
target_verse	mapping	missing_verse	GST	005013002
target_verse	mapping	missing_verse	GST	005013003
target_verse	mapping	missing_verse	GST	005013004
target_verse	mapping	missing_verse	GST	005013005
target_verse	mapping	missing_verse	GST	005013006
target_verse	mapping	missing_verse	GST	005013007
target_verse	mapping	missing_verse	GST	005013008
target_verse	mapping	missing_verse	GST	005013009
target_verse	mapping	missing_verse	GST	005013010
target_verse	mapping	missing_verse	GST	005013011
target_verse	mapping	missing_verse	GST	005013012
target_verse	mapping	missing_verse	GST	005013013
target_verse	mapping	missing_verse	GST	005013014
target_verse	mapping	missing_verse	GST	005013015
target_verse	mapping	missing_verse	GST	005013016
target_verse	mapping	missing_verse	GST	005013017
target_verse	mapping	missing_verse	GST	005013018
target_verse	mapping	missing_verse	GST	005022030
target_verse	mapping	missing_verse	GST	005023001
target_verse	mapping	missing_verse	GST	005023002
target_verse	mapping	missing_verse	GST	005023003
target_verse	mapping	missing_verse	GST	005023004
target_verse	mapping	missing_verse	GST	005023005
target_verse	mapping	missing_verse	GST	005023006
target_verse	mapping	missing_verse	GST	005023007
target_verse	mapping	missing_verse	GST	005023008
target_verse	mapping	missing_verse	GST	005023009
target_verse	mapping	missing_verse	GST	005023010
target_verse	mapping	missing_verse	GST	005023011
target_verse	mapping	missing_verse	GST	005023012
target_verse	mapping	missing_verse	GST	005023013
target_verse	mapping	missing_verse	GST	005023014
target_verse	mapping	missing_verse	GST	005023015
target_verse	mapping	missing_verse	GST	005023016
target_verse	mapping	missing_verse	GST	005023017
target_verse	mapping	missing_verse	GST	005023018
target_verse	mapping	missing_verse	GST	005023019
target_verse	mapping	missing_verse	GST	005023020
target_verse	mapping	missing_verse	GST	005023021
target_verse	mapping	missing_verse	GST	005023022
target_verse	mapping	missing_verse	GST	005023023
target_verse	mapping	missing_verse	GST	005023024
target_verse	mapping	missing_verse	GST	005023025
target_verse	mapping	missing_verse	GST	005029001
target_verse	mapping	missing_verse	GST	005029002
target_verse	mapping	missing_verse	GST	005029003
target_verse	mapping	missing_verse	GST	005029004
target_verse	mapping	missing_verse	GST	005029005
target_verse	mapping	missing_verse	GST	005029006
target_verse	mapping	missing_verse	GST	005029007
target_verse	mapping	missing_verse	GST	005029008
target_verse	mapping	missing_verse	GST	005029009
target_verse	mapping	missing_verse	GST	005029010
target_verse	mapping	missing_verse	GST	005029011
target_verse	mapping	missing_verse	GST	005029012
target_verse	mapping	missing_verse	GST	005029013
target_verse	mapping	missing_verse	GST	005029014
target_verse	mapping	missing_verse	GST	005029015
target_verse	mapping	missing_verse	GST	005029016
target_verse	mapping	missing_verse	GST	005029017
target_verse	mapping	missing_verse	GST	005029018
target_verse	mapping	missing_verse	GST	005029019
target_verse	mapping	missing_verse	GST	005029020
target_verse	mapping	missing_verse	GST	005029021
target_verse	mapping	missing_verse	GST	005029022
target_verse	mapping	missing_verse	GST	005029023
target_verse	mapping	missing_verse	GST	005029024
target_verse	mapping	missing_verse	GST	005029025
target_verse	mapping	missing_verse	GST	005029026
target_verse	mapping	missing_verse	GST	005029027
target_verse	mapping	missing_verse	GST	005029028
target_verse	mapping	missing_verse	GST	005029029
target_verse	mapping	missing_verse	GST	009020042
target_verse	mapping	missing_verse	GST	009021001
target_verse	mapping	missing_verse	GST	009021002
target_verse	mapping	missing_verse	GST	009021003
target_verse	mapping	missing_verse	GST	009021004
target_verse	mapping	missing_verse	GST	009021005
target_verse	mapping	missing_verse	GST	009021006
target_verse	mapping	missing_verse	GST	009021007
target_verse	mapping	missing_verse	GST	009021008
target_verse	mapping	missing_verse	GST	009021009
target_verse	mapping	missing_verse	GST	009021010
target_verse	mapping	missing_verse	GST	009021011
target_verse	mapping	missing_verse	GST	009021012
target_verse	mapping	missing_verse	GST	009021013
target_verse	mapping	missing_verse	GST	009021014
target_verse	mapping	missing_verse	GST	009021015
target_verse	mapping	missing_verse	GST	009023029
target_verse	mapping	missing_verse	GST	009024001
target_verse	mapping	missing_verse	GST	009024002
target_verse	mapping	missing_verse	GST	009024003
target_verse	mapping	missing_verse	GST	009024004
target_verse	mapping	missing_verse	GST	009024005
target_verse	mapping	missing_verse	GST	009024006
target_verse	mapping	missing_verse	GST	009024007
target_verse	mapping	missing_verse	GST	009024008
target_verse	mapping	missing_verse	GST	009024009
target_verse	mapping	missing_verse	GST	009024010
target_verse	mapping	missing_verse	GST	009024011
target_verse	mapping	missing_verse	GST	009024012
target_verse	mapping	missing_verse	GST	009024013
target_verse	mapping	missing_verse	GST	009024014
target_verse	mapping	missing_verse	GST	009024015
target_verse	mapping	missing_verse	GST	009024016
target_verse	mapping	missing_verse	GST	009024017
target_verse	mapping	missing_verse	GST	009024018
target_verse	mapping	missing_verse	GST	009024019
target_verse	mapping	missing_verse	GST	009024020
target_verse	mapping	missing_verse	GST	009024021
target_verse	mapping	missing_verse	GST	009024022
target_verse	mapping	missing_verse	GST	010018033
target_verse	mapping	missing_verse	GST	010019001
target_verse	mapping	missing_verse	GST	010019002
target_verse	mapping	missing_verse	GST	010019003
target_verse	mapping	missing_verse	GST	010019004
target_verse	mapping	missing_verse	GST	010019005
target_verse	mapping	missing_verse	GST	010019006
target_verse	mapping	missing_verse	GST	010019007
target_verse	mapping	missing_verse	GST	010019008
target_verse	mapping	missing_verse	GST	010019009
target_verse	mapping	missing_verse	GST	010019010
target_verse	mapping	missing_verse	GST	010019011
target_verse	mapping	missing_verse	GST	010019012
target_verse	mapping	missing_verse	GST	010019013
target_verse	mapping	missing_verse	GST	010019014
target_verse	mapping	missing_verse	GST	010019015
target_verse	mapping	missing_verse	GST	010019016
target_verse	mapping	missing_verse	GST	010019017
target_verse	mapping	missing_verse	GST	010019018
target_verse	mapping	missing_verse	GST	010019019
target_verse	mapping	missing_verse	GST	010019020
target_verse	mapping	missing_verse	GST	010019021
target_verse	mapping	missing_verse	GST	010019022
target_verse	mapping	missing_verse	GST	010019023
target_verse	mapping	missing_verse	GST	010019024
target_verse	mapping	missing_verse	GST	010019025
target_verse	mapping	missing_verse	GST	010019026
target_verse	mapping	missing_verse	GST	010019027
target_verse	mapping	missing_verse	GST	010019028
target_verse	mapping	missing_verse	GST	010019029
target_verse	mapping	missing_verse	GST	010019030
target_verse	mapping	missing_verse	GST	010019031
target_verse	mapping	missing_verse	GST	010019032
target_verse	mapping	missing_verse	GST	010019033
target_verse	mapping	missing_verse	GST	010019034
target_verse	mapping	missing_verse	GST	010019035
target_verse	mapping	missing_verse	GST	010019036
target_verse	mapping	missing_verse	GST	010019037
target_verse	mapping	missing_verse	GST	010019038
target_verse	mapping	missing_verse	GST	010019039
target_verse	mapping	missing_verse	GST	010019040
target_verse	mapping	missing_verse	GST	010019041
target_verse	mapping	missing_verse	GST	010019042
target_verse	mapping	missing_verse	GST	010019043
target_verse	mapping	missing_verse	GST	011004021
target_verse	mapping	missing_verse	GST	011004022
target_verse	mapping	missing_verse	GST	011004023
target_verse	mapping	missing_verse	GST	011004024
target_verse	mapping	missing_verse	GST	011004025
target_verse	mapping	missing_verse	GST	011004026
target_verse	mapping	missing_verse	GST	011004027
target_verse	mapping	missing_verse	GST	011004028
target_verse	mapping	missing_verse	GST	011004029
target_verse	mapping	missing_verse	GST	011004030
target_verse	mapping	missing_verse	GST	011004031
target_verse	mapping	missing_verse	GST	011004032
target_verse	mapping	missing_verse	GST	011004033
target_verse	mapping	missing_verse	GST	011004034
target_verse	mapping	missing_verse	GST	011005001
target_verse	mapping	missing_verse	GST	011005002
target_verse	mapping	missing_verse	GST	011005003
target_verse	mapping	missing_verse	GST	011005004
target_verse	mapping	missing_verse	GST	011005005
target_verse	mapping	missing_verse	GST	011005006
target_verse	mapping	missing_verse	GST	011005007
target_verse	mapping	missing_verse	GST	011005008
target_verse	mapping	missing_verse	GST	011005009
target_verse	mapping	missing_verse	GST	011005010
target_verse	mapping	missing_verse	GST	011005011
target_verse	mapping	missing_verse	GST	011005012
target_verse	mapping	missing_verse	GST	011005013
target_verse	mapping	missing_verse	GST	011005014
target_verse	mapping	missing_verse	GST	011005015
target_verse	mapping	missing_verse	GST	011005016
target_verse	mapping	missing_verse	GST	011005017
target_verse	mapping	missing_verse	GST	011005018
target_verse	mapping	missing_verse	GST	011022043
target_verse	mapping	missing_verse	GST	011022044
target_verse	mapping	missing_verse	GST	011022045
target_verse	mapping	missing_verse	GST	011022046
target_verse	mapping	missing_verse	GST	011022047
target_verse	mapping	missing_verse	GST	011022048
target_verse	mapping	missing_verse	GST	011022049
target_verse	mapping	missing_verse	GST	011022050
target_verse	mapping	missing_verse	GST	011022051
target_verse	mapping	missing_verse	GST	011022052
target_verse	mapping	missing_verse	GST	011022053
target_verse	mapping	missing_verse	GST	012011021
target_verse	mapping	missing_verse	GST	012012001
target_verse	mapping	missing_verse	GST	012012002
target_verse	mapping	missing_verse	GST	012012003
target_verse	mapping	missing_verse	GST	012012004
target_verse	mapping	missing_verse	GST	012012005
target_verse	mapping	missing_verse	GST	012012006
target_verse	mapping	missing_verse	GST	012012007
target_verse	mapping	missing_verse	GST	012012008
target_verse	mapping	missing_verse	GST	012012009
target_verse	mapping	missing_verse	GST	012012010
target_verse	mapping	missing_verse	GST	012012011
target_verse	mapping	missing_verse	GST	012012012
target_verse	mapping	missing_verse	GST	012012013
target_verse	mapping	missing_verse	GST	012012014
target_verse	mapping	missing_verse	GST	012012015
target_verse	mapping	missing_verse	GST	012012016
target_verse	mapping	missing_verse	GST	012012017
target_verse	mapping	missing_verse	GST	012012018
target_verse	mapping	missing_verse	GST	012012019
target_verse	mapping	missing_verse	GST	012012020
target_verse	mapping	missing_verse	GST	012012021
target_verse	mapping	missing_verse	GST	013006001
target_verse	mapping	missing_verse	GST	013006002
target_verse	mapping	missing_verse	GST	013006003
target_verse	mapping	missing_verse	GST	013006004
target_verse	mapping	missing_verse	GST	013006005
target_verse	mapping	missing_verse	GST	013006006
target_verse	mapping	missing_verse	GST	013006007
target_verse	mapping	missing_verse	GST	013006008
target_verse	mapping	missing_verse	GST	013006009
target_verse	mapping	missing_verse	GST	013006010
target_verse	mapping	missing_verse	GST	013006011
target_verse	mapping	missing_verse	GST	013006012
target_verse	mapping	missing_verse	GST	013006013
target_verse	mapping	missing_verse	GST	013006014
target_verse	mapping	missing_verse	GST	013006015
target_verse	mapping	missing_verse	GST	013006016
target_verse	mapping	missing_verse	GST	013006017
target_verse	mapping	missing_verse	GST	013006018
target_verse	mapping	missing_verse	GST	013006019
target_verse	mapping	missing_verse	GST	013006020
target_verse	mapping	missing_verse	GST	013006021
target_verse	mapping	missing_verse	GST	013006022
target_verse	mapping	missing_verse	GST	013006023
target_verse	mapping	missing_verse	GST	013006024
target_verse	mapping	missing_verse	GST	013006025
target_verse	mapping	missing_verse	GST	013006026
target_verse	mapping	missing_verse	GST	013006027
target_verse	mapping	missing_verse	GST	013006028
target_verse	mapping	missing_verse	GST	013006029
target_verse	mapping	missing_verse	GST	013006030
target_verse	mapping	missing_verse	GST	013006031
target_verse	mapping	missing_verse	GST	013006032
target_verse	mapping	missing_verse	GST	013006033
target_verse	mapping	missing_verse	GST	013006034
target_verse	mapping	missing_verse	GST	013006035
target_verse	mapping	missing_verse	GST	013006036
target_verse	mapping	missing_verse	GST	013006037
target_verse	mapping	missing_verse	GST	013006038
target_verse	mapping	missing_verse	GST	013006039
target_verse	mapping	missing_verse	GST	013006040
target_verse	mapping	missing_verse	GST	013006041
target_verse	mapping	missing_verse	GST	013006042
target_verse	mapping	missing_verse	GST	013006043
target_verse	mapping	missing_verse	GST	013006044
target_verse	mapping	missing_verse	GST	013006045
target_verse	mapping	missing_verse	GST	013006046
target_verse	mapping	missing_verse	GST	013006047
target_verse	mapping	missing_verse	GST	013006048
target_verse	mapping	missing_verse	GST	013006049
target_verse	mapping	missing_verse	GST	013006050
target_verse	mapping	missing_verse	GST	013006051
target_verse	mapping	missing_verse	GST	013006052
target_verse	mapping	missing_verse	GST	013006053
target_verse	mapping	missing_verse	GST	013006054
target_verse	mapping	missing_verse	GST	013006055
target_verse	mapping	missing_verse	GST	013006056
target_verse	mapping	missing_verse	GST	013006057
target_verse	mapping	missing_verse	GST	013006058
target_verse	mapping	missing_verse	GST	013006059
target_verse	mapping	missing_verse	GST	013006060
target_verse	mapping	missing_verse	GST	013006061
target_verse	mapping	missing_verse	GST	013006062
target_verse	mapping	missing_verse	GST	013006063
target_verse	mapping	missing_verse	GST	013006064
target_verse	mapping	missing_verse	GST	013006065
target_verse	mapping	missing_verse	GST	013006066
target_verse	mapping	missing_verse	GST	013006067
target_verse	mapping	missing_verse	GST	013006068
target_verse	mapping	missing_verse	GST	013006069
target_verse	mapping	missing_verse	GST	013006070
target_verse	mapping	missing_verse	GST	013006071
target_verse	mapping	missing_verse	GST	013006072
target_verse	mapping	missing_verse	GST	013006073
target_verse	mapping	missing_verse	GST	013006074
target_verse	mapping	missing_verse	GST	013006075
target_verse	mapping	missing_verse	GST	013006076
target_verse	mapping	missing_verse	GST	013006077
target_verse	mapping	missing_verse	GST	013006078
target_verse	mapping	missing_verse	GST	013006079
target_verse	mapping	missing_verse	GST	013006080
target_verse	mapping	missing_verse	GST	013006081
target_verse	mapping	missing_verse	GST	013012004
target_verse	mapping	missing_verse	GST	013012005
target_verse	mapping	missing_verse	GST	013012006
target_verse	mapping	missing_verse	GST	013012007
target_verse	mapping	missing_verse	GST	013012008
target_verse	mapping	missing_verse	GST	013012009
target_verse	mapping	missing_verse	GST	013012010
target_verse	mapping	missing_verse	GST	013012011
target_verse	mapping	missing_verse	GST	013012012
target_verse	mapping	missing_verse	GST	013012013
target_verse	mapping	missing_verse	GST	013012014
target_verse	mapping	missing_verse	GST	013012015
target_verse	mapping	missing_verse	GST	013012016
target_verse	mapping	missing_verse	GST	013012017
target_verse	mapping	missing_verse	GST	013012018
target_verse	mapping	missing_verse	GST	013012019
target_verse	mapping	missing_verse	GST	013012020
target_verse	mapping	missing_verse	GST	013012021
target_verse	mapping	missing_verse	GST	013012022
target_verse	mapping	missing_verse	GST	013012023
target_verse	mapping	missing_verse	GST	013012024
target_verse	mapping	missing_verse	GST	013012025
target_verse	mapping	missing_verse	GST	013012026
target_verse	mapping	missing_verse	GST	013012027
target_verse	mapping	missing_verse	GST	013012028
target_verse	mapping	missing_verse	GST	013012029
target_verse	mapping	missing_verse	GST	013012030
target_verse	mapping	missing_verse	GST	013012031
target_verse	mapping	missing_verse	GST	013012032
target_verse	mapping	missing_verse	GST	013012033
target_verse	mapping	missing_verse	GST	013012034
target_verse	mapping	missing_verse	GST	013012035
target_verse	mapping	missing_verse	GST	013012036
target_verse	mapping	missing_verse	GST	013012037
target_verse	mapping	missing_verse	GST	013012038
target_verse	mapping	missing_verse	GST	013012039
target_verse	mapping	missing_verse	GST	013012040
target_verse	mapping	missing_verse	GST	014002001
target_verse	mapping	missing_verse	GST	014002002
target_verse	mapping	missing_verse	GST	014002003
target_verse	mapping	missing_verse	GST	014002004
target_verse	mapping	missing_verse	GST	014002005
target_verse	mapping	missing_verse	GST	014002006
target_verse	mapping	missing_verse	GST	014002007
target_verse	mapping	missing_verse	GST	014002008
target_verse	mapping	missing_verse	GST	014002009
target_verse	mapping	missing_verse	GST	014002010
target_verse	mapping	missing_verse	GST	014002011
target_verse	mapping	missing_verse	GST	014002012
target_verse	mapping	missing_verse	GST	014002013
target_verse	mapping	missing_verse	GST	014002014
target_verse	mapping	missing_verse	GST	014002015
target_verse	mapping	missing_verse	GST	014002016
target_verse	mapping	missing_verse	GST	014002017
target_verse	mapping	missing_verse	GST	014002018
target_verse	mapping	missing_verse	GST	014014001
target_verse	mapping	missing_verse	GST	014014002
target_verse	mapping	missing_verse	GST	014014003
target_verse	mapping	missing_verse	GST	014014004
target_verse	mapping	missing_verse	GST	014014005
target_verse	mapping	missing_verse	GST	014014006
target_verse	mapping	missing_verse	GST	014014007
target_verse	mapping	missing_verse	GST	014014008
target_verse	mapping	missing_verse	GST	014014009
target_verse	mapping	missing_verse	GST	014014010
target_verse	mapping	missing_verse	GST	014014011
target_verse	mapping	missing_verse	GST	014014012
target_verse	mapping	missing_verse	GST	014014013
target_verse	mapping	missing_verse	GST	014014014
target_verse	mapping	missing_verse	GST	014014015
target_verse	mapping	missing_verse	GST	018041001
target_verse	mapping	missing_verse	GST	018041002
target_verse	mapping	missing_verse	GST	018041003
target_verse	mapping	missing_verse	GST	018041004
target_verse	mapping	missing_verse	GST	018041005
target_verse	mapping	missing_verse	GST	018041006
target_verse	mapping	missing_verse	GST	018041007
target_verse	mapping	missing_verse	GST	018041008
target_verse	mapping	missing_verse	GST	018041009
target_verse	mapping	missing_verse	GST	018041010
target_verse	mapping	missing_verse	GST	018041011
target_verse	mapping	missing_verse	GST	018041012
target_verse	mapping	missing_verse	GST	018041013
target_verse	mapping	missing_verse	GST	018041014
target_verse	mapping	missing_verse	GST	018041015
target_verse	mapping	missing_verse	GST	018041016
target_verse	mapping	missing_verse	GST	018041017
target_verse	mapping	missing_verse	GST	018041018
target_verse	mapping	missing_verse	GST	018041019
target_verse	mapping	missing_verse	GST	018041020
target_verse	mapping	missing_verse	GST	018041021
target_verse	mapping	missing_verse	GST	018041022
target_verse	mapping	missing_verse	GST	018041023
target_verse	mapping	missing_verse	GST	018041024
target_verse	mapping	missing_verse	GST	018041025
target_verse	mapping	missing_verse	GST	018041026
target_verse	mapping	missing_verse	GST	018041027
target_verse	mapping	missing_verse	GST	018041028
target_verse	mapping	missing_verse	GST	018041029
target_verse	mapping	missing_verse	GST	018041030
target_verse	mapping	missing_verse	GST	018041031
target_verse	mapping	missing_verse	GST	018041032
target_verse	mapping	missing_verse	GST	018041033
target_verse	mapping	missing_verse	GST	018041034
target_verse	mapping	missing_verse	GST	019003000
target_verse	mapping	missing_verse	GST	019003001
target_verse	mapping	missing_verse	GST	019003002
target_verse	mapping	missing_verse	GST	019003003
target_verse	mapping	missing_verse	GST	019003004
target_verse	mapping	missing_verse	GST	019003005
target_verse	mapping	missing_verse	GST	019003006
target_verse	mapping	missing_verse	GST	019003007
target_verse	mapping	missing_verse	GST	019003008
target_verse	mapping	missing_verse	GST	019004000
target_verse	mapping	missing_verse	GST	019004001
target_verse	mapping	missing_verse	GST	019004002
target_verse	mapping	missing_verse	GST	019004003
target_verse	mapping	missing_verse	GST	019004004
target_verse	mapping	missing_verse	GST	019004005
target_verse	mapping	missing_verse	GST	019004006
target_verse	mapping	missing_verse	GST	019004007
target_verse	mapping	missing_verse	GST	019004008
target_verse	mapping	missing_verse	GST	019005000
target_verse	mapping	missing_verse	GST	019005001
target_verse	mapping	missing_verse	GST	019005002
target_verse	mapping	missing_verse	GST	019005003
target_verse	mapping	missing_verse	GST	019005004
target_verse	mapping	missing_verse	GST	019005005
target_verse	mapping	missing_verse	GST	019005006
target_verse	mapping	missing_verse	GST	019005007
target_verse	mapping	missing_verse	GST	019005008
target_verse	mapping	missing_verse	GST	019005009
target_verse	mapping	missing_verse	GST	019005010
target_verse	mapping	missing_verse	GST	019005011
target_verse	mapping	missing_verse	GST	019005012
target_verse	mapping	missing_verse	GST	019006000
target_verse	mapping	missing_verse	GST	019006001
target_verse	mapping	missing_verse	GST	019006002
target_verse	mapping	missing_verse	GST	019006003
target_verse	mapping	missing_verse	GST	019006004
target_verse	mapping	missing_verse	GST	019006005
target_verse	mapping	missing_verse	GST	019006006
target_verse	mapping	missing_verse	GST	019006007
target_verse	mapping	missing_verse	GST	019006008
target_verse	mapping	missing_verse	GST	019006009
target_verse	mapping	missing_verse	GST	019006010
target_verse	mapping	missing_verse	GST	019007000
target_verse	mapping	missing_verse	GST	019007001
target_verse	mapping	missing_verse	GST	019007002
target_verse	mapping	missing_verse	GST	019007003
target_verse	mapping	missing_verse	GST	019007004
target_verse	mapping	missing_verse	GST	019007005
target_verse	mapping	missing_verse	GST	019007006
target_verse	mapping	missing_verse	GST	019007007
target_verse	mapping	missing_verse	GST	019007008
target_verse	mapping	missing_verse	GST	019007009
target_verse	mapping	missing_verse	GST	019007010
target_verse	mapping	missing_verse	GST	019007011
target_verse	mapping	missing_verse	GST	019007012
target_verse	mapping	missing_verse	GST	019007013
target_verse	mapping	missing_verse	GST	019007014
target_verse	mapping	missing_verse	GST	019007015
target_verse	mapping	missing_verse	GST	019007016
target_verse	mapping	missing_verse	GST	019007017
target_verse	mapping	missing_verse	GST	019008000
target_verse	mapping	missing_verse	GST	019008001
target_verse	mapping	missing_verse	GST	019008002
target_verse	mapping	missing_verse	GST	019008003
target_verse	mapping	missing_verse	GST	019008004
target_verse	mapping	missing_verse	GST	019008005
target_verse	mapping	missing_verse	GST	019008006
target_verse	mapping	missing_verse	GST	019008007
target_verse	mapping	missing_verse	GST	019008008
target_verse	mapping	missing_verse	GST	019008009
target_verse	mapping	missing_verse	GST	019009000
target_verse	mapping	missing_verse	GST	019009001
target_verse	mapping	missing_verse	GST	019009002
target_verse	mapping	missing_verse	GST	019009003
target_verse	mapping	missing_verse	GST	019009004
target_verse	mapping	missing_verse	GST	019009005
target_verse	mapping	missing_verse	GST	019009006
target_verse	mapping	missing_verse	GST	019009007
target_verse	mapping	missing_verse	GST	019009008
target_verse	mapping	missing_verse	GST	019009009
target_verse	mapping	missing_verse	GST	019009010
target_verse	mapping	missing_verse	GST	019009011
target_verse	mapping	missing_verse	GST	019009012
target_verse	mapping	missing_verse	GST	019009013
target_verse	mapping	missing_verse	GST	019009014
target_verse	mapping	missing_verse	GST	019009015
target_verse	mapping	missing_verse	GST	019009016
target_verse	mapping	missing_verse	GST	019009017
target_verse	mapping	missing_verse	GST	019009018
target_verse	mapping	missing_verse	GST	019009019
target_verse	mapping	missing_verse	GST	019009020
target_verse	mapping	missing_verse	GST	019012000
target_verse	mapping	missing_verse	GST	019012001
target_verse	mapping	missing_verse	GST	019012002
target_verse	mapping	missing_verse	GST	019012003
target_verse	mapping	missing_verse	GST	019012004
target_verse	mapping	missing_verse	GST	019012005
target_verse	mapping	missing_verse	GST	019012006
target_verse	mapping	missing_verse	GST	019012007
target_verse	mapping	missing_verse	GST	019012008
target_verse	mapping	missing_verse	GST	019013000
target_verse	mapping	missing_verse	GST	019013001
target_verse	mapping	missing_verse	GST	019013002
target_verse	mapping	missing_verse	GST	019013003
target_verse	mapping	missing_verse	GST	019013004
target_verse	mapping	missing_verse	GST	019013005
target_verse	mapping	missing_verse	GST	019018000
target_verse	mapping	missing_verse	GST	019018001
target_verse	mapping	missing_verse	GST	019018002
target_verse	mapping	missing_verse	GST	019018003
target_verse	mapping	missing_verse	GST	019018004
target_verse	mapping	missing_verse	GST	019018005
target_verse	mapping	missing_verse	GST	019018006
target_verse	mapping	missing_verse	GST	019018007
target_verse	mapping	missing_verse	GST	019018008
target_verse	mapping	missing_verse	GST	019018009
target_verse	mapping	missing_verse	GST	019018010
target_verse	mapping	missing_verse	GST	019018011
target_verse	mapping	missing_verse	GST	019018012
target_verse	mapping	missing_verse	GST	019018013
target_verse	mapping	missing_verse	GST	019018014
target_verse	mapping	missing_verse	GST	019018015
target_verse	mapping	missing_verse	GST	019018016
target_verse	mapping	missing_verse	GST	019018017
target_verse	mapping	missing_verse	GST	019018018
target_verse	mapping	missing_verse	GST	019018019
target_verse	mapping	missing_verse	GST	019018020
target_verse	mapping	missing_verse	GST	019018021
target_verse	mapping	missing_verse	GST	019018022
target_verse	mapping	missing_verse	GST	019018023
target_verse	mapping	missing_verse	GST	019018024
target_verse	mapping	missing_verse	GST	019018025
target_verse	mapping	missing_verse	GST	019018026
target_verse	mapping	missing_verse	GST	019018027
target_verse	mapping	missing_verse	GST	019018028
target_verse	mapping	missing_verse	GST	019018029
target_verse	mapping	missing_verse	GST	019018030
target_verse	mapping	missing_verse	GST	019018031
target_verse	mapping	missing_verse	GST	019018032
target_verse	mapping	missing_verse	GST	019018033
target_verse	mapping	missing_verse	GST	019018034
target_verse	mapping	missing_verse	GST	019018035
target_verse	mapping	missing_verse	GST	019018036
target_verse	mapping	missing_verse	GST	019018037
target_verse	mapping	missing_verse	GST	019018038
target_verse	mapping	missing_verse	GST	019018039
target_verse	mapping	missing_verse	GST	019018040
target_verse	mapping	missing_verse	GST	019018041
target_verse	mapping	missing_verse	GST	019018042
target_verse	mapping	missing_verse	GST	019018043
target_verse	mapping	missing_verse	GST	019018044
target_verse	mapping	missing_verse	GST	019018045
target_verse	mapping	missing_verse	GST	019018046
target_verse	mapping	missing_verse	GST	019018047
target_verse	mapping	missing_verse	GST	019018048
target_verse	mapping	missing_verse	GST	019018049
target_verse	mapping	missing_verse	GST	019018050
target_verse	mapping	missing_verse	GST	019019000
target_verse	mapping	missing_verse	GST	019019001
target_verse	mapping	missing_verse	GST	019019002
target_verse	mapping	missing_verse	GST	019019003
target_verse	mapping	missing_verse	GST	019019004
target_verse	mapping	missing_verse	GST	019019005
target_verse	mapping	missing_verse	GST	019019006
target_verse	mapping	missing_verse	GST	019019007
target_verse	mapping	missing_verse	GST	019019008
target_verse	mapping	missing_verse	GST	019019009
target_verse	mapping	missing_verse	GST	019019010
target_verse	mapping	missing_verse	GST	019019011
target_verse	mapping	missing_verse	GST	019019012
target_verse	mapping	missing_verse	GST	019019013
target_verse	mapping	missing_verse	GST	019019014
target_verse	mapping	missing_verse	GST	019020000
target_verse	mapping	missing_verse	GST	019020001
target_verse	mapping	missing_verse	GST	019020002
target_verse	mapping	missing_verse	GST	019020003
target_verse	mapping	missing_verse	GST	019020004
target_verse	mapping	missing_verse	GST	019020005
target_verse	mapping	missing_verse	GST	019020006
target_verse	mapping	missing_verse	GST	019020007
target_verse	mapping	missing_verse	GST	019020008
target_verse	mapping	missing_verse	GST	019020009
target_verse	mapping	missing_verse	GST	019021000
target_verse	mapping	missing_verse	GST	019021001
target_verse	mapping	missing_verse	GST	019021002
target_verse	mapping	missing_verse	GST	019021003
target_verse	mapping	missing_verse	GST	019021004
target_verse	mapping	missing_verse	GST	019021005
target_verse	mapping	missing_verse	GST	019021006
target_verse	mapping	missing_verse	GST	019021007
target_verse	mapping	missing_verse	GST	019021008
target_verse	mapping	missing_verse	GST	019021009
target_verse	mapping	missing_verse	GST	019021010
target_verse	mapping	missing_verse	GST	019021011
target_verse	mapping	missing_verse	GST	019021012
target_verse	mapping	missing_verse	GST	019021013
target_verse	mapping	missing_verse	GST	019022000
target_verse	mapping	missing_verse	GST	019022001
target_verse	mapping	missing_verse	GST	019022002
target_verse	mapping	missing_verse	GST	019022003
target_verse	mapping	missing_verse	GST	019022004
target_verse	mapping	missing_verse	GST	019022005
target_verse	mapping	missing_verse	GST	019022006
target_verse	mapping	missing_verse	GST	019022007
target_verse	mapping	missing_verse	GST	019022008
target_verse	mapping	missing_verse	GST	019022009
target_verse	mapping	missing_verse	GST	019022010
target_verse	mapping	missing_verse	GST	019022011
target_verse	mapping	missing_verse	GST	019022012
target_verse	mapping	missing_verse	GST	019022013
target_verse	mapping	missing_verse	GST	019022014
target_verse	mapping	missing_verse	GST	019022015
target_verse	mapping	missing_verse	GST	019022016
target_verse	mapping	missing_verse	GST	019022017
target_verse	mapping	missing_verse	GST	019022018
target_verse	mapping	missing_verse	GST	019022019
target_verse	mapping	missing_verse	GST	019022020
target_verse	mapping	missing_verse	GST	019022021
target_verse	mapping	missing_verse	GST	019022022
target_verse	mapping	missing_verse	GST	019022023
target_verse	mapping	missing_verse	GST	019022024
target_verse	mapping	missing_verse	GST	019022025
target_verse	mapping	missing_verse	GST	019022026
target_verse	mapping	missing_verse	GST	019022027
target_verse	mapping	missing_verse	GST	019022028
target_verse	mapping	missing_verse	GST	019022029
target_verse	mapping	missing_verse	GST	019022030
target_verse	mapping	missing_verse	GST	019022031
target_verse	mapping	missing_verse	GST	019030000
target_verse	mapping	missing_verse	GST	019030001
target_verse	mapping	missing_verse	GST	019030002
target_verse	mapping	missing_verse	GST	019030003
target_verse	mapping	missing_verse	GST	019030004
target_verse	mapping	missing_verse	GST	019030005
target_verse	mapping	missing_verse	GST	019030006
target_verse	mapping	missing_verse	GST	019030007
target_verse	mapping	missing_verse	GST	019030008
target_verse	mapping	missing_verse	GST	019030009
target_verse	mapping	missing_verse	GST	019030010
target_verse	mapping	missing_verse	GST	019030011
target_verse	mapping	missing_verse	GST	019030012
target_verse	mapping	missing_verse	GST	019031000
target_verse	mapping	missing_verse	GST	019031001
target_verse	mapping	missing_verse	GST	019031002
target_verse	mapping	missing_verse	GST	019031003
target_verse	mapping	missing_verse	GST	019031004
target_verse	mapping	missing_verse	GST	019031005
target_verse	mapping	missing_verse	GST	019031006
target_verse	mapping	missing_verse	GST	019031007
target_verse	mapping	missing_verse	GST	019031008
target_verse	mapping	missing_verse	GST	019031009
target_verse	mapping	missing_verse	GST	019031010
target_verse	mapping	missing_verse	GST	019031011
target_verse	mapping	missing_verse	GST	019031012
target_verse	mapping	missing_verse	GST	019031013
target_verse	mapping	missing_verse	GST	019031014
target_verse	mapping	missing_verse	GST	019031015
target_verse	mapping	missing_verse	GST	019031016
target_verse	mapping	missing_verse	GST	019031017
target_verse	mapping	missing_verse	GST	019031018
target_verse	mapping	missing_verse	GST	019031019
target_verse	mapping	missing_verse	GST	019031020
target_verse	mapping	missing_verse	GST	019031021
target_verse	mapping	missing_verse	GST	019031022
target_verse	mapping	missing_verse	GST	019031023
target_verse	mapping	missing_verse	GST	019031024
target_verse	mapping	missing_verse	GST	019034000
target_verse	mapping	missing_verse	GST	019034001
target_verse	mapping	missing_verse	GST	019034002
target_verse	mapping	missing_verse	GST	019034003
target_verse	mapping	missing_verse	GST	019034004
target_verse	mapping	missing_verse	GST	019034005
target_verse	mapping	missing_verse	GST	019034006
target_verse	mapping	missing_verse	GST	019034007
target_verse	mapping	missing_verse	GST	019034008
target_verse	mapping	missing_verse	GST	019034009
target_verse	mapping	missing_verse	GST	019034010
target_verse	mapping	missing_verse	GST	019034011
target_verse	mapping	missing_verse	GST	019034012
target_verse	mapping	missing_verse	GST	019034013
target_verse	mapping	missing_verse	GST	019034014
target_verse	mapping	missing_verse	GST	019034015
target_verse	mapping	missing_verse	GST	019034016
target_verse	mapping	missing_verse	GST	019034017
target_verse	mapping	missing_verse	GST	019034018
target_verse	mapping	missing_verse	GST	019034019
target_verse	mapping	missing_verse	GST	019034020
target_verse	mapping	missing_verse	GST	019034021
target_verse	mapping	missing_verse	GST	019034022
target_verse	mapping	missing_verse	GST	019036000
target_verse	mapping	missing_verse	GST	019036001
target_verse	mapping	missing_verse	GST	019036002
target_verse	mapping	missing_verse	GST	019036003
target_verse	mapping	missing_verse	GST	019036004
target_verse	mapping	missing_verse	GST	019036005
target_verse	mapping	missing_verse	GST	019036006
target_verse	mapping	missing_verse	GST	019036007
target_verse	mapping	missing_verse	GST	019036008
target_verse	mapping	missing_verse	GST	019036009
target_verse	mapping	missing_verse	GST	019036010
target_verse	mapping	missing_verse	GST	019036011
target_verse	mapping	missing_verse	GST	019036012
target_verse	mapping	missing_verse	GST	019038000
target_verse	mapping	missing_verse	GST	019038001
target_verse	mapping	missing_verse	GST	019038002
target_verse	mapping	missing_verse	GST	019038003
target_verse	mapping	missing_verse	GST	019038004
target_verse	mapping	missing_verse	GST	019038005
target_verse	mapping	missing_verse	GST	019038006
target_verse	mapping	missing_verse	GST	019038007
target_verse	mapping	missing_verse	GST	019038008
target_verse	mapping	missing_verse	GST	019038009
target_verse	mapping	missing_verse	GST	019038010
target_verse	mapping	missing_verse	GST	019038011
target_verse	mapping	missing_verse	GST	019038012
target_verse	mapping	missing_verse	GST	019038013
target_verse	mapping	missing_verse	GST	019038014
target_verse	mapping	missing_verse	GST	019038015
target_verse	mapping	missing_verse	GST	019038016
target_verse	mapping	missing_verse	GST	019038017
target_verse	mapping	missing_verse	GST	019038018
target_verse	mapping	missing_verse	GST	019038019
target_verse	mapping	missing_verse	GST	019038020
target_verse	mapping	missing_verse	GST	019038021
target_verse	mapping	missing_verse	GST	019038022
target_verse	mapping	missing_verse	GST	019039000
target_verse	mapping	missing_verse	GST	019039001
target_verse	mapping	missing_verse	GST	019039002
target_verse	mapping	missing_verse	GST	019039003
target_verse	mapping	missing_verse	GST	019039004
target_verse	mapping	missing_verse	GST	019039005
target_verse	mapping	missing_verse	GST	019039006
target_verse	mapping	missing_verse	GST	019039007
target_verse	mapping	missing_verse	GST	019039008
target_verse	mapping	missing_verse	GST	019039009
target_verse	mapping	missing_verse	GST	019039010
target_verse	mapping	missing_verse	GST	019039011
target_verse	mapping	missing_verse	GST	019039012
target_verse	mapping	missing_verse	GST	019039013
target_verse	mapping	missing_verse	GST	019040000
target_verse	mapping	missing_verse	GST	019040001
target_verse	mapping	missing_verse	GST	019040002
target_verse	mapping	missing_verse	GST	019040003
target_verse	mapping	missing_verse	GST	019040004
target_verse	mapping	missing_verse	GST	019040005
target_verse	mapping	missing_verse	GST	019040006
target_verse	mapping	missing_verse	GST	019040007
target_verse	mapping	missing_verse	GST	019040008
target_verse	mapping	missing_verse	GST	019040009
target_verse	mapping	missing_verse	GST	019040010
target_verse	mapping	missing_verse	GST	019040011
target_verse	mapping	missing_verse	GST	019040012
target_verse	mapping	missing_verse	GST	019040013
target_verse	mapping	missing_verse	GST	019040014
target_verse	mapping	missing_verse	GST	019040015
target_verse	mapping	missing_verse	GST	019040016
target_verse	mapping	missing_verse	GST	019040017
target_verse	mapping	missing_verse	GST	019041000
target_verse	mapping	missing_verse	GST	019041001
target_verse	mapping	missing_verse	GST	019041002
target_verse	mapping	missing_verse	GST	019041003
target_verse	mapping	missing_verse	GST	019041004
target_verse	mapping	missing_verse	GST	019041005
target_verse	mapping	missing_verse	GST	019041006
target_verse	mapping	missing_verse	GST	019041007
target_verse	mapping	missing_verse	GST	019041008
target_verse	mapping	missing_verse	GST	019041009
target_verse	mapping	missing_verse	GST	019041010
target_verse	mapping	missing_verse	GST	019041011
target_verse	mapping	missing_verse	GST	019041012
target_verse	mapping	missing_verse	GST	019041013
target_verse	mapping	missing_verse	GST	019042000
target_verse	mapping	missing_verse	GST	019042001
target_verse	mapping	missing_verse	GST	019042002
target_verse	mapping	missing_verse	GST	019042003
target_verse	mapping	missing_verse	GST	019042004
target_verse	mapping	missing_verse	GST	019042005
target_verse	mapping	missing_verse	GST	019042006
target_verse	mapping	missing_verse	GST	019042007
target_verse	mapping	missing_verse	GST	019042008
target_verse	mapping	missing_verse	GST	019042009
target_verse	mapping	missing_verse	GST	019042010
target_verse	mapping	missing_verse	GST	019042011
target_verse	mapping	missing_verse	GST	019044000
target_verse	mapping	missing_verse	GST	019044001
target_verse	mapping	missing_verse	GST	019044002
target_verse	mapping	missing_verse	GST	019044003
target_verse	mapping	missing_verse	GST	019044004
target_verse	mapping	missing_verse	GST	019044005
target_verse	mapping	missing_verse	GST	019044006
target_verse	mapping	missing_verse	GST	019044007
target_verse	mapping	missing_verse	GST	019044008
target_verse	mapping	missing_verse	GST	019044009
target_verse	mapping	missing_verse	GST	019044010
target_verse	mapping	missing_verse	GST	019044011
target_verse	mapping	missing_verse	GST	019044012
target_verse	mapping	missing_verse	GST	019044013
target_verse	mapping	missing_verse	GST	019044014
target_verse	mapping	missing_verse	GST	019044015
target_verse	mapping	missing_verse	GST	019044016
target_verse	mapping	missing_verse	GST	019044017
target_verse	mapping	missing_verse	GST	019044018
target_verse	mapping	missing_verse	GST	019044019
target_verse	mapping	missing_verse	GST	019044020
target_verse	mapping	missing_verse	GST	019044021
target_verse	mapping	missing_verse	GST	019044022
target_verse	mapping	missing_verse	GST	019044023
target_verse	mapping	missing_verse	GST	019044024
target_verse	mapping	missing_verse	GST	019044025
target_verse	mapping	missing_verse	GST	019044026
target_verse	mapping	missing_verse	GST	019045000
target_verse	mapping	missing_verse	GST	019045001
target_verse	mapping	missing_verse	GST	019045002
target_verse	mapping	missing_verse	GST	019045003
target_verse	mapping	missing_verse	GST	019045004
target_verse	mapping	missing_verse	GST	019045005
target_verse	mapping	missing_verse	GST	019045006
target_verse	mapping	missing_verse	GST	019045007
target_verse	mapping	missing_verse	GST	019045008
target_verse	mapping	missing_verse	GST	019045009
target_verse	mapping	missing_verse	GST	019045010
target_verse	mapping	missing_verse	GST	019045011
target_verse	mapping	missing_verse	GST	019045012
target_verse	mapping	missing_verse	GST	019045013
target_verse	mapping	missing_verse	GST	019045014
target_verse	mapping	missing_verse	GST	019045015
target_verse	mapping	missing_verse	GST	019045016
target_verse	mapping	missing_verse	GST	019045017
target_verse	mapping	missing_verse	GST	019046000
target_verse	mapping	missing_verse	GST	019046001
target_verse	mapping	missing_verse	GST	019046002
target_verse	mapping	missing_verse	GST	019046003
target_verse	mapping	missing_verse	GST	019046004
target_verse	mapping	missing_verse	GST	019046005
target_verse	mapping	missing_verse	GST	019046006
target_verse	mapping	missing_verse	GST	019046007
target_verse	mapping	missing_verse	GST	019046008
target_verse	mapping	missing_verse	GST	019046009
target_verse	mapping	missing_verse	GST	019046010
target_verse	mapping	missing_verse	GST	019046011
target_verse	mapping	missing_verse	GST	019047000
target_verse	mapping	missing_verse	GST	019047001
target_verse	mapping	missing_verse	GST	019047002
target_verse	mapping	missing_verse	GST	019047003
target_verse	mapping	missing_verse	GST	019047004
target_verse	mapping	missing_verse	GST	019047005
target_verse	mapping	missing_verse	GST	019047006
target_verse	mapping	missing_verse	GST	019047007
target_verse	mapping	missing_verse	GST	019047008
target_verse	mapping	missing_verse	GST	019047009
target_verse	mapping	missing_verse	GST	019048000
target_verse	mapping	missing_verse	GST	019048001
target_verse	mapping	missing_verse	GST	019048002
target_verse	mapping	missing_verse	GST	019048003
target_verse	mapping	missing_verse	GST	019048004
target_verse	mapping	missing_verse	GST	019048005
target_verse	mapping	missing_verse	GST	019048006
target_verse	mapping	missing_verse	GST	019048007
target_verse	mapping	missing_verse	GST	019048008
target_verse	mapping	missing_verse	GST	019048009
target_verse	mapping	missing_verse	GST	019048010
target_verse	mapping	missing_verse	GST	019048011
target_verse	mapping	missing_verse	GST	019048012
target_verse	mapping	missing_verse	GST	019048013
target_verse	mapping	missing_verse	GST	019048014
target_verse	mapping	missing_verse	GST	019049000
target_verse	mapping	missing_verse	GST	019049001
target_verse	mapping	missing_verse	GST	019049002
target_verse	mapping	missing_verse	GST	019049003
target_verse	mapping	missing_verse	GST	019049004
target_verse	mapping	missing_verse	GST	019049005
target_verse	mapping	missing_verse	GST	019049006
target_verse	mapping	missing_verse	GST	019049007
target_verse	mapping	missing_verse	GST	019049008
target_verse	mapping	missing_verse	GST	019049009
target_verse	mapping	missing_verse	GST	019049010
target_verse	mapping	missing_verse	GST	019049011
target_verse	mapping	missing_verse	GST	019049012
target_verse	mapping	missing_verse	GST	019049013
target_verse	mapping	missing_verse	GST	019049014
target_verse	mapping	missing_verse	GST	019049015
target_verse	mapping	missing_verse	GST	019049016
target_verse	mapping	missing_verse	GST	019049017
target_verse	mapping	missing_verse	GST	019049018
target_verse	mapping	missing_verse	GST	019049019
target_verse	mapping	missing_verse	GST	019049020
target_verse	mapping	missing_verse	GST	019051000
target_verse	mapping	missing_verse	GST	019051001
target_verse	mapping	missing_verse	GST	019051002
target_verse	mapping	missing_verse	GST	019051003
target_verse	mapping	missing_verse	GST	019051004
target_verse	mapping	missing_verse	GST	019051005
target_verse	mapping	missing_verse	GST	019051006
target_verse	mapping	missing_verse	GST	019051007
target_verse	mapping	missing_verse	GST	019051008
target_verse	mapping	missing_verse	GST	019051009
target_verse	mapping	missing_verse	GST	019051010
target_verse	mapping	missing_verse	GST	019051011
target_verse	mapping	missing_verse	GST	019051012
target_verse	mapping	missing_verse	GST	019051013
target_verse	mapping	missing_verse	GST	019051014
target_verse	mapping	missing_verse	GST	019051015
target_verse	mapping	missing_verse	GST	019051016
target_verse	mapping	missing_verse	GST	019051017
target_verse	mapping	missing_verse	GST	019051018
target_verse	mapping	missing_verse	GST	019051019
target_verse	mapping	missing_verse	GST	019052000
target_verse	mapping	missing_verse	GST	019052001
target_verse	mapping	missing_verse	GST	019052002
target_verse	mapping	missing_verse	GST	019052003
target_verse	mapping	missing_verse	GST	019052004
target_verse	mapping	missing_verse	GST	019052005
target_verse	mapping	missing_verse	GST	019052006
target_verse	mapping	missing_verse	GST	019052007
target_verse	mapping	missing_verse	GST	019052008
target_verse	mapping	missing_verse	GST	019052009
target_verse	mapping	missing_verse	GST	019053000
target_verse	mapping	missing_verse	GST	019053001
target_verse	mapping	missing_verse	GST	019053002
target_verse	mapping	missing_verse	GST	019053003
target_verse	mapping	missing_verse	GST	019053004
target_verse	mapping	missing_verse	GST	019053005
target_verse	mapping	missing_verse	GST	019053006
target_verse	mapping	missing_verse	GST	019054000
target_verse	mapping	missing_verse	GST	019054001
target_verse	mapping	missing_verse	GST	019054002
target_verse	mapping	missing_verse	GST	019054003
target_verse	mapping	missing_verse	GST	019054004
target_verse	mapping	missing_verse	GST	019054005
target_verse	mapping	missing_verse	GST	019054006
target_verse	mapping	missing_verse	GST	019054007
target_verse	mapping	missing_verse	GST	019055000
target_verse	mapping	missing_verse	GST	019055001
target_verse	mapping	missing_verse	GST	019055002
target_verse	mapping	missing_verse	GST	019055003
target_verse	mapping	missing_verse	GST	019055004
target_verse	mapping	missing_verse	GST	019055005
target_verse	mapping	missing_verse	GST	019055006
target_verse	mapping	missing_verse	GST	019055007
target_verse	mapping	missing_verse	GST	019055008
target_verse	mapping	missing_verse	GST	019055009
target_verse	mapping	missing_verse	GST	019055010
target_verse	mapping	missing_verse	GST	019055011
target_verse	mapping	missing_verse	GST	019055012
target_verse	mapping	missing_verse	GST	019055013
target_verse	mapping	missing_verse	GST	019055014
target_verse	mapping	missing_verse	GST	019055015
target_verse	mapping	missing_verse	GST	019055016
target_verse	mapping	missing_verse	GST	019055017
target_verse	mapping	missing_verse	GST	019055018
target_verse	mapping	missing_verse	GST	019055019
target_verse	mapping	missing_verse	GST	019055020
target_verse	mapping	missing_verse	GST	019055021
target_verse	mapping	missing_verse	GST	019055022
target_verse	mapping	missing_verse	GST	019055023
target_verse	mapping	missing_verse	GST	019056000
target_verse	mapping	missing_verse	GST	019056001
target_verse	mapping	missing_verse	GST	019056002
target_verse	mapping	missing_verse	GST	019056003
target_verse	mapping	missing_verse	GST	019056004
target_verse	mapping	missing_verse	GST	019056005
target_verse	mapping	missing_verse	GST	019056006
target_verse	mapping	missing_verse	GST	019056007
target_verse	mapping	missing_verse	GST	019056008
target_verse	mapping	missing_verse	GST	019056009
target_verse	mapping	missing_verse	GST	019056010
target_verse	mapping	missing_verse	GST	019056011
target_verse	mapping	missing_verse	GST	019056012
target_verse	mapping	missing_verse	GST	019056013
target_verse	mapping	missing_verse	GST	019057000
target_verse	mapping	missing_verse	GST	019057001
target_verse	mapping	missing_verse	GST	019057002
target_verse	mapping	missing_verse	GST	019057003
target_verse	mapping	missing_verse	GST	019057004
target_verse	mapping	missing_verse	GST	019057005
target_verse	mapping	missing_verse	GST	019057006
target_verse	mapping	missing_verse	GST	019057007
target_verse	mapping	missing_verse	GST	019057008
target_verse	mapping	missing_verse	GST	019057009
target_verse	mapping	missing_verse	GST	019057010
target_verse	mapping	missing_verse	GST	019057011
target_verse	mapping	missing_verse	GST	019058000
target_verse	mapping	missing_verse	GST	019058001
target_verse	mapping	missing_verse	GST	019058002
target_verse	mapping	missing_verse	GST	019058003
target_verse	mapping	missing_verse	GST	019058004
target_verse	mapping	missing_verse	GST	019058005
target_verse	mapping	missing_verse	GST	019058006
target_verse	mapping	missing_verse	GST	019058007
target_verse	mapping	missing_verse	GST	019058008
target_verse	mapping	missing_verse	GST	019058009
target_verse	mapping	missing_verse	GST	019058010
target_verse	mapping	missing_verse	GST	019058011
target_verse	mapping	missing_verse	GST	019059000
target_verse	mapping	missing_verse	GST	019059001
target_verse	mapping	missing_verse	GST	019059002
target_verse	mapping	missing_verse	GST	019059003
target_verse	mapping	missing_verse	GST	019059004
target_verse	mapping	missing_verse	GST	019059005
target_verse	mapping	missing_verse	GST	019059006
target_verse	mapping	missing_verse	GST	019059007
target_verse	mapping	missing_verse	GST	019059008
target_verse	mapping	missing_verse	GST	019059009
target_verse	mapping	missing_verse	GST	019059010
target_verse	mapping	missing_verse	GST	019059011
target_verse	mapping	missing_verse	GST	019059012
target_verse	mapping	missing_verse	GST	019059013
target_verse	mapping	missing_verse	GST	019059014
target_verse	mapping	missing_verse	GST	019059015
target_verse	mapping	missing_verse	GST	019059016
target_verse	mapping	missing_verse	GST	019059017
target_verse	mapping	missing_verse	GST	019060000
target_verse	mapping	missing_verse	GST	019060001
target_verse	mapping	missing_verse	GST	019060002
target_verse	mapping	missing_verse	GST	019060003
target_verse	mapping	missing_verse	GST	019060004
target_verse	mapping	missing_verse	GST	019060005
target_verse	mapping	missing_verse	GST	019060006
target_verse	mapping	missing_verse	GST	019060007
target_verse	mapping	missing_verse	GST	019060008
target_verse	mapping	missing_verse	GST	019060009
target_verse	mapping	missing_verse	GST	019060010
target_verse	mapping	missing_verse	GST	019060011
target_verse	mapping	missing_verse	GST	019060012
target_verse	mapping	missing_verse	GST	019061000
target_verse	mapping	missing_verse	GST	019061001
target_verse	mapping	missing_verse	GST	019061002
target_verse	mapping	missing_verse	GST	019061003
target_verse	mapping	missing_verse	GST	019061004
target_verse	mapping	missing_verse	GST	019061005
target_verse	mapping	missing_verse	GST	019061006
target_verse	mapping	missing_verse	GST	019061007
target_verse	mapping	missing_verse	GST	019061008
target_verse	mapping	missing_verse	GST	019062000
target_verse	mapping	missing_verse	GST	019062001
target_verse	mapping	missing_verse	GST	019062002
target_verse	mapping	missing_verse	GST	019062003
target_verse	mapping	missing_verse	GST	019062004
target_verse	mapping	missing_verse	GST	019062005
target_verse	mapping	missing_verse	GST	019062006
target_verse	mapping	missing_verse	GST	019062007
target_verse	mapping	missing_verse	GST	019062008
target_verse	mapping	missing_verse	GST	019062009
target_verse	mapping	missing_verse	GST	019062010
target_verse	mapping	missing_verse	GST	019062011
target_verse	mapping	missing_verse	GST	019062012
target_verse	mapping	missing_verse	GST	019063000
target_verse	mapping	missing_verse	GST	019063001
target_verse	mapping	missing_verse	GST	019063002
target_verse	mapping	missing_verse	GST	019063003
target_verse	mapping	missing_verse	GST	019063004
target_verse	mapping	missing_verse	GST	019063005
target_verse	mapping	missing_verse	GST	019063006
target_verse	mapping	missing_verse	GST	019063007
target_verse	mapping	missing_verse	GST	019063008
target_verse	mapping	missing_verse	GST	019063009
target_verse	mapping	missing_verse	GST	019063010
target_verse	mapping	missing_verse	GST	019063011
target_verse	mapping	missing_verse	GST	019064000
target_verse	mapping	missing_verse	GST	019064001
target_verse	mapping	missing_verse	GST	019064002
target_verse	mapping	missing_verse	GST	019064003
target_verse	mapping	missing_verse	GST	019064004
target_verse	mapping	missing_verse	GST	019064005
target_verse	mapping	missing_verse	GST	019064006
target_verse	mapping	missing_verse	GST	019064007
target_verse	mapping	missing_verse	GST	019064008
target_verse	mapping	missing_verse	GST	019064009
target_verse	mapping	missing_verse	GST	019064010
target_verse	mapping	missing_verse	GST	019065000
target_verse	mapping	missing_verse	GST	019065001
target_verse	mapping	missing_verse	GST	019065002
target_verse	mapping	missing_verse	GST	019065003
target_verse	mapping	missing_verse	GST	019065004
target_verse	mapping	missing_verse	GST	019065005
target_verse	mapping	missing_verse	GST	019065006
target_verse	mapping	missing_verse	GST	019065007
target_verse	mapping	missing_verse	GST	019065008
target_verse	mapping	missing_verse	GST	019065009
target_verse	mapping	missing_verse	GST	019065010
target_verse	mapping	missing_verse	GST	019065011
target_verse	mapping	missing_verse	GST	019065012
target_verse	mapping	missing_verse	GST	019065013
target_verse	mapping	missing_verse	GST	019067000
target_verse	mapping	missing_verse	GST	019067001
target_verse	mapping	missing_verse	GST	019067002
target_verse	mapping	missing_verse	GST	019067003
target_verse	mapping	missing_verse	GST	019067004
target_verse	mapping	missing_verse	GST	019067005
target_verse	mapping	missing_verse	GST	019067006
target_verse	mapping	missing_verse	GST	019067007
target_verse	mapping	missing_verse	GST	019068000
target_verse	mapping	missing_verse	GST	019068001
target_verse	mapping	missing_verse	GST	019068002
target_verse	mapping	missing_verse	GST	019068003
target_verse	mapping	missing_verse	GST	019068004
target_verse	mapping	missing_verse	GST	019068005
target_verse	mapping	missing_verse	GST	019068006
target_verse	mapping	missing_verse	GST	019068007
target_verse	mapping	missing_verse	GST	019068008
target_verse	mapping	missing_verse	GST	019068009
target_verse	mapping	missing_verse	GST	019068010
target_verse	mapping	missing_verse	GST	019068011
target_verse	mapping	missing_verse	GST	019068012
target_verse	mapping	missing_verse	GST	019068013
target_verse	mapping	missing_verse	GST	019068014
target_verse	mapping	missing_verse	GST	019068015
target_verse	mapping	missing_verse	GST	019068016
target_verse	mapping	missing_verse	GST	019068017
target_verse	mapping	missing_verse	GST	019068018
target_verse	mapping	missing_verse	GST	019068019
target_verse	mapping	missing_verse	GST	019068020
target_verse	mapping	missing_verse	GST	019068021
target_verse	mapping	missing_verse	GST	019068022
target_verse	mapping	missing_verse	GST	019068023
target_verse	mapping	missing_verse	GST	019068024
target_verse	mapping	missing_verse	GST	019068025
target_verse	mapping	missing_verse	GST	019068026
target_verse	mapping	missing_verse	GST	019068027
target_verse	mapping	missing_verse	GST	019068028
target_verse	mapping	missing_verse	GST	019068029
target_verse	mapping	missing_verse	GST	019068030
target_verse	mapping	missing_verse	GST	019068031
target_verse	mapping	missing_verse	GST	019068032
target_verse	mapping	missing_verse	GST	019068033
target_verse	mapping	missing_verse	GST	019068034
target_verse	mapping	missing_verse	GST	019068035
target_verse	mapping	missing_verse	GST	019069000
target_verse	mapping	missing_verse	GST	019069001
target_verse	mapping	missing_verse	GST	019069002
target_verse	mapping	missing_verse	GST	019069003
target_verse	mapping	missing_verse	GST	019069004
target_verse	mapping	missing_verse	GST	019069005
target_verse	mapping	missing_verse	GST	019069006
target_verse	mapping	missing_verse	GST	019069007
target_verse	mapping	missing_verse	GST	019069008
target_verse	mapping	missing_verse	GST	019069009
target_verse	mapping	missing_verse	GST	019069010
target_verse	mapping	missing_verse	GST	019069011
target_verse	mapping	missing_verse	GST	019069012
target_verse	mapping	missing_verse	GST	019069013
target_verse	mapping	missing_verse	GST	019069014
target_verse	mapping	missing_verse	GST	019069015
target_verse	mapping	missing_verse	GST	019069016
target_verse	mapping	missing_verse	GST	019069017
target_verse	mapping	missing_verse	GST	019069018
target_verse	mapping	missing_verse	GST	019069019
target_verse	mapping	missing_verse	GST	019069020
target_verse	mapping	missing_verse	GST	019069021
target_verse	mapping	missing_verse	GST	019069022
target_verse	mapping	missing_verse	GST	019069023
target_verse	mapping	missing_verse	GST	019069024
target_verse	mapping	missing_verse	GST	019069025
target_verse	mapping	missing_verse	GST	019069026
target_verse	mapping	missing_verse	GST	019069027
target_verse	mapping	missing_verse	GST	019069028
target_verse	mapping	missing_verse	GST	019069029
target_verse	mapping	missing_verse	GST	019069030
target_verse	mapping	missing_verse	GST	019069031
target_verse	mapping	missing_verse	GST	019069032
target_verse	mapping	missing_verse	GST	019069033
target_verse	mapping	missing_verse	GST	019069034
target_verse	mapping	missing_verse	GST	019069035
target_verse	mapping	missing_verse	GST	019069036
target_verse	mapping	missing_verse	GST	019070000
target_verse	mapping	missing_verse	GST	019070001
target_verse	mapping	missing_verse	GST	019070002
target_verse	mapping	missing_verse	GST	019070003
target_verse	mapping	missing_verse	GST	019070004
target_verse	mapping	missing_verse	GST	019070005
target_verse	mapping	missing_verse	GST	019075000
target_verse	mapping	missing_verse	GST	019075001
target_verse	mapping	missing_verse	GST	019075002
target_verse	mapping	missing_verse	GST	019075003
target_verse	mapping	missing_verse	GST	019075004
target_verse	mapping	missing_verse	GST	019075005
target_verse	mapping	missing_verse	GST	019075006
target_verse	mapping	missing_verse	GST	019075007
target_verse	mapping	missing_verse	GST	019075008
target_verse	mapping	missing_verse	GST	019075009
target_verse	mapping	missing_verse	GST	019075010
target_verse	mapping	missing_verse	GST	019076000
target_verse	mapping	missing_verse	GST	019076001
target_verse	mapping	missing_verse	GST	019076002
target_verse	mapping	missing_verse	GST	019076003
target_verse	mapping	missing_verse	GST	019076004
target_verse	mapping	missing_verse	GST	019076005
target_verse	mapping	missing_verse	GST	019076006
target_verse	mapping	missing_verse	GST	019076007
target_verse	mapping	missing_verse	GST	019076008
target_verse	mapping	missing_verse	GST	019076009
target_verse	mapping	missing_verse	GST	019076010
target_verse	mapping	missing_verse	GST	019076011
target_verse	mapping	missing_verse	GST	019076012
target_verse	mapping	missing_verse	GST	019077000
target_verse	mapping	missing_verse	GST	019077001
target_verse	mapping	missing_verse	GST	019077002
target_verse	mapping	missing_verse	GST	019077003
target_verse	mapping	missing_verse	GST	019077004
target_verse	mapping	missing_verse	GST	019077005
target_verse	mapping	missing_verse	GST	019077006
target_verse	mapping	missing_verse	GST	019077007
target_verse	mapping	missing_verse	GST	019077008
target_verse	mapping	missing_verse	GST	019077009
target_verse	mapping	missing_verse	GST	019077010
target_verse	mapping	missing_verse	GST	019077011
target_verse	mapping	missing_verse	GST	019077012
target_verse	mapping	missing_verse	GST	019077013
target_verse	mapping	missing_verse	GST	019077014
target_verse	mapping	missing_verse	GST	019077015
target_verse	mapping	missing_verse	GST	019077016
target_verse	mapping	missing_verse	GST	019077017
target_verse	mapping	missing_verse	GST	019077018
target_verse	mapping	missing_verse	GST	019077019
target_verse	mapping	missing_verse	GST	019077020
target_verse	mapping	missing_verse	GST	019080000
target_verse	mapping	missing_verse	GST	019080001
target_verse	mapping	missing_verse	GST	019080002
target_verse	mapping	missing_verse	GST	019080003
target_verse	mapping	missing_verse	GST	019080004
target_verse	mapping	missing_verse	GST	019080005
target_verse	mapping	missing_verse	GST	019080006
target_verse	mapping	missing_verse	GST	019080007
target_verse	mapping	missing_verse	GST	019080008
target_verse	mapping	missing_verse	GST	019080009
target_verse	mapping	missing_verse	GST	019080010
target_verse	mapping	missing_verse	GST	019080011
target_verse	mapping	missing_verse	GST	019080012
target_verse	mapping	missing_verse	GST	019080013
target_verse	mapping	missing_verse	GST	019080014
target_verse	mapping	missing_verse	GST	019080015
target_verse	mapping	missing_verse	GST	019080016
target_verse	mapping	missing_verse	GST	019080017
target_verse	mapping	missing_verse	GST	019080018
target_verse	mapping	missing_verse	GST	019080019
target_verse	mapping	missing_verse	GST	019081000
target_verse	mapping	missing_verse	GST	019081001
target_verse	mapping	missing_verse	GST	019081002
target_verse	mapping	missing_verse	GST	019081003
target_verse	mapping	missing_verse	GST	019081004
target_verse	mapping	missing_verse	GST	019081005
target_verse	mapping	missing_verse	GST	019081006
target_verse	mapping	missing_verse	GST	019081007
target_verse	mapping	missing_verse	GST	019081008
target_verse	mapping	missing_verse	GST	019081009
target_verse	mapping	missing_verse	GST	019081010
target_verse	mapping	missing_verse	GST	019081011
target_verse	mapping	missing_verse	GST	019081012
target_verse	mapping	missing_verse	GST	019081013
target_verse	mapping	missing_verse	GST	019081014
target_verse	mapping	missing_verse	GST	019081015
target_verse	mapping	missing_verse	GST	019081016
target_verse	mapping	missing_verse	GST	019083000
target_verse	mapping	missing_verse	GST	019083001
target_verse	mapping	missing_verse	GST	019083002
target_verse	mapping	missing_verse	GST	019083003
target_verse	mapping	missing_verse	GST	019083004
target_verse	mapping	missing_verse	GST	019083005
target_verse	mapping	missing_verse	GST	019083006
target_verse	mapping	missing_verse	GST	019083007
target_verse	mapping	missing_verse	GST	019083008
target_verse	mapping	missing_verse	GST	019083009
target_verse	mapping	missing_verse	GST	019083010
target_verse	mapping	missing_verse	GST	019083011
target_verse	mapping	missing_verse	GST	019083012
target_verse	mapping	missing_verse	GST	019083013
target_verse	mapping	missing_verse	GST	019083014
target_verse	mapping	missing_verse	GST	019083015
target_verse	mapping	missing_verse	GST	019083016
target_verse	mapping	missing_verse	GST	019083017
target_verse	mapping	missing_verse	GST	019083018
target_verse	mapping	missing_verse	GST	019084000
target_verse	mapping	missing_verse	GST	019084001
target_verse	mapping	missing_verse	GST	019084002
target_verse	mapping	missing_verse	GST	019084003
target_verse	mapping	missing_verse	GST	019084004
target_verse	mapping	missing_verse	GST	019084005
target_verse	mapping	missing_verse	GST	019084006
target_verse	mapping	missing_verse	GST	019084007
target_verse	mapping	missing_verse	GST	019084008
target_verse	mapping	missing_verse	GST	019084009
target_verse	mapping	missing_verse	GST	019084010
target_verse	mapping	missing_verse	GST	019084011
target_verse	mapping	missing_verse	GST	019084012
target_verse	mapping	missing_verse	GST	019085000
target_verse	mapping	missing_verse	GST	019085001
target_verse	mapping	missing_verse	GST	019085002
target_verse	mapping	missing_verse	GST	019085003
target_verse	mapping	missing_verse	GST	019085004
target_verse	mapping	missing_verse	GST	019085005
target_verse	mapping	missing_verse	GST	019085006
target_verse	mapping	missing_verse	GST	019085007
target_verse	mapping	missing_verse	GST	019085008
target_verse	mapping	missing_verse	GST	019085009
target_verse	mapping	missing_verse	GST	019085010
target_verse	mapping	missing_verse	GST	019085011
target_verse	mapping	missing_verse	GST	019085012
target_verse	mapping	missing_verse	GST	019085013
target_verse	mapping	missing_verse	GST	019088000
target_verse	mapping	missing_verse	GST	019088001
target_verse	mapping	missing_verse	GST	019088002
target_verse	mapping	missing_verse	GST	019088003
target_verse	mapping	missing_verse	GST	019088004
target_verse	mapping	missing_verse	GST	019088005
target_verse	mapping	missing_verse	GST	019088006
target_verse	mapping	missing_verse	GST	019088007
target_verse	mapping	missing_verse	GST	019088008
target_verse	mapping	missing_verse	GST	019088009
target_verse	mapping	missing_verse	GST	019088010
target_verse	mapping	missing_verse	GST	019088011
target_verse	mapping	missing_verse	GST	019088012
target_verse	mapping	missing_verse	GST	019088013
target_verse	mapping	missing_verse	GST	019088014
target_verse	mapping	missing_verse	GST	019088015
target_verse	mapping	missing_verse	GST	019088016
target_verse	mapping	missing_verse	GST	019088017
target_verse	mapping	missing_verse	GST	019088018
target_verse	mapping	missing_verse	GST	019089000
target_verse	mapping	missing_verse	GST	019089001
target_verse	mapping	missing_verse	GST	019089002
target_verse	mapping	missing_verse	GST	019089003
target_verse	mapping	missing_verse	GST	019089004
target_verse	mapping	missing_verse	GST	019089005
target_verse	mapping	missing_verse	GST	019089006
target_verse	mapping	missing_verse	GST	019089007
target_verse	mapping	missing_verse	GST	019089008
target_verse	mapping	missing_verse	GST	019089009
target_verse	mapping	missing_verse	GST	019089010
target_verse	mapping	missing_verse	GST	019089011
target_verse	mapping	missing_verse	GST	019089012
target_verse	mapping	missing_verse	GST	019089013
target_verse	mapping	missing_verse	GST	019089014
target_verse	mapping	missing_verse	GST	019089015
target_verse	mapping	missing_verse	GST	019089016
target_verse	mapping	missing_verse	GST	019089017
target_verse	mapping	missing_verse	GST	019089018
target_verse	mapping	missing_verse	GST	019089019
target_verse	mapping	missing_verse	GST	019089020
target_verse	mapping	missing_verse	GST	019089021
target_verse	mapping	missing_verse	GST	019089022
target_verse	mapping	missing_verse	GST	019089023
target_verse	mapping	missing_verse	GST	019089024
target_verse	mapping	missing_verse	GST	019089025
target_verse	mapping	missing_verse	GST	019089026
target_verse	mapping	missing_verse	GST	019089027
target_verse	mapping	missing_verse	GST	019089028
target_verse	mapping	missing_verse	GST	019089029
target_verse	mapping	missing_verse	GST	019089030
target_verse	mapping	missing_verse	GST	019089031
target_verse	mapping	missing_verse	GST	019089032
target_verse	mapping	missing_verse	GST	019089033
target_verse	mapping	missing_verse	GST	019089034
target_verse	mapping	missing_verse	GST	019089035
target_verse	mapping	missing_verse	GST	019089036
target_verse	mapping	missing_verse	GST	019089037
target_verse	mapping	missing_verse	GST	019089038
target_verse	mapping	missing_verse	GST	019089039
target_verse	mapping	missing_verse	GST	019089040
target_verse	mapping	missing_verse	GST	019089041
target_verse	mapping	missing_verse	GST	019089042
target_verse	mapping	missing_verse	GST	019089043
target_verse	mapping	missing_verse	GST	019089044
target_verse	mapping	missing_verse	GST	019089045
target_verse	mapping	missing_verse	GST	019089046
target_verse	mapping	missing_verse	GST	019089047
target_verse	mapping	missing_verse	GST	019089048
target_verse	mapping	missing_verse	GST	019089049
target_verse	mapping	missing_verse	GST	019089050
target_verse	mapping	missing_verse	GST	019089051
target_verse	mapping	missing_verse	GST	019089052
target_verse	mapping	missing_verse	GST	019092000
target_verse	mapping	missing_verse	GST	019092001
target_verse	mapping	missing_verse	GST	019092002
target_verse	mapping	missing_verse	GST	019092003
target_verse	mapping	missing_verse	GST	019092004
target_verse	mapping	missing_verse	GST	019092005
target_verse	mapping	missing_verse	GST	019092006
target_verse	mapping	missing_verse	GST	019092007
target_verse	mapping	missing_verse	GST	019092008
target_verse	mapping	missing_verse	GST	019092009
target_verse	mapping	missing_verse	GST	019092010
target_verse	mapping	missing_verse	GST	019092011
target_verse	mapping	missing_verse	GST	019092012
target_verse	mapping	missing_verse	GST	019092013
target_verse	mapping	missing_verse	GST	019092014
target_verse	mapping	missing_verse	GST	019092015
target_verse	mapping	missing_verse	GST	019102000
target_verse	mapping	missing_verse	GST	019102001
target_verse	mapping	missing_verse	GST	019102002
target_verse	mapping	missing_verse	GST	019102003
target_verse	mapping	missing_verse	GST	019102004
target_verse	mapping	missing_verse	GST	019102005
target_verse	mapping	missing_verse	GST	019102006
target_verse	mapping	missing_verse	GST	019102007
target_verse	mapping	missing_verse	GST	019102008
target_verse	mapping	missing_verse	GST	019102009
target_verse	mapping	missing_verse	GST	019102010
target_verse	mapping	missing_verse	GST	019102011
target_verse	mapping	missing_verse	GST	019102012
target_verse	mapping	missing_verse	GST	019102013
target_verse	mapping	missing_verse	GST	019102014
target_verse	mapping	missing_verse	GST	019102015
target_verse	mapping	missing_verse	GST	019102016
target_verse	mapping	missing_verse	GST	019102017
target_verse	mapping	missing_verse	GST	019102018
target_verse	mapping	missing_verse	GST	019102019
target_verse	mapping	missing_verse	GST	019102020
target_verse	mapping	missing_verse	GST	019102021
target_verse	mapping	missing_verse	GST	019102022
target_verse	mapping	missing_verse	GST	019102023
target_verse	mapping	missing_verse	GST	019102024
target_verse	mapping	missing_verse	GST	019102025
target_verse	mapping	missing_verse	GST	019102026
target_verse	mapping	missing_verse	GST	019102027
target_verse	mapping	missing_verse	GST	019102028
target_verse	mapping	missing_verse	GST	019108000
target_verse	mapping	missing_verse	GST	019108001
target_verse	mapping	missing_verse	GST	019108002
target_verse	mapping	missing_verse	GST	019108003
target_verse	mapping	missing_verse	GST	019108004
target_verse	mapping	missing_verse	GST	019108005
target_verse	mapping	missing_verse	GST	019108006
target_verse	mapping	missing_verse	GST	019108007
target_verse	mapping	missing_verse	GST	019108008
target_verse	mapping	missing_verse	GST	019108009
target_verse	mapping	missing_verse	GST	019108010
target_verse	mapping	missing_verse	GST	019108011
target_verse	mapping	missing_verse	GST	019108012
target_verse	mapping	missing_verse	GST	019108013
target_verse	mapping	missing_verse	GST	019140000
target_verse	mapping	missing_verse	GST	019140001
target_verse	mapping	missing_verse	GST	019140002
target_verse	mapping	missing_verse	GST	019140003
target_verse	mapping	missing_verse	GST	019140004
target_verse	mapping	missing_verse	GST	019140005
target_verse	mapping	missing_verse	GST	019140006
target_verse	mapping	missing_verse	GST	019140007
target_verse	mapping	missing_verse	GST	019140008
target_verse	mapping	missing_verse	GST	019140009
target_verse	mapping	missing_verse	GST	019140010
target_verse	mapping	missing_verse	GST	019140011
target_verse	mapping	missing_verse	GST	019140012
target_verse	mapping	missing_verse	GST	019140013
target_verse	mapping	missing_verse	GST	019142000
target_verse	mapping	missing_verse	GST	019142001
target_verse	mapping	missing_verse	GST	019142002
target_verse	mapping	missing_verse	GST	019142003
target_verse	mapping	missing_verse	GST	019142004
target_verse	mapping	missing_verse	GST	019142005
target_verse	mapping	missing_verse	GST	019142006
target_verse	mapping	missing_verse	GST	019142007
target_verse	mapping	missing_verse	GST	021005001
target_verse	mapping	missing_verse	GST	021005002
target_verse	mapping	missing_verse	GST	021005003
target_verse	mapping	missing_verse	GST	021005004
target_verse	mapping	missing_verse	GST	021005005
target_verse	mapping	missing_verse	GST	021005006
target_verse	mapping	missing_verse	GST	021005007
target_verse	mapping	missing_verse	GST	021005008
target_verse	mapping	missing_verse	GST	021005009
target_verse	mapping	missing_verse	GST	021005010
target_verse	mapping	missing_verse	GST	021005011
target_verse	mapping	missing_verse	GST	021005012
target_verse	mapping	missing_verse	GST	021005013
target_verse	mapping	missing_verse	GST	021005014
target_verse	mapping	missing_verse	GST	021005015
target_verse	mapping	missing_verse	GST	021005016
target_verse	mapping	missing_verse	GST	021005017
target_verse	mapping	missing_verse	GST	021005018
target_verse	mapping	missing_verse	GST	021005019
target_verse	mapping	missing_verse	GST	021005020
target_verse	mapping	missing_verse	GST	022006013
target_verse	mapping	missing_verse	GST	022007001
target_verse	mapping	missing_verse	GST	022007002
target_verse	mapping	missing_verse	GST	022007003
target_verse	mapping	missing_verse	GST	022007004
target_verse	mapping	missing_verse	GST	022007005
target_verse	mapping	missing_verse	GST	022007006
target_verse	mapping	missing_verse	GST	022007007
target_verse	mapping	missing_verse	GST	022007008
target_verse	mapping	missing_verse	GST	022007009
target_verse	mapping	missing_verse	GST	022007010
target_verse	mapping	missing_verse	GST	022007011
target_verse	mapping	missing_verse	GST	022007012
target_verse	mapping	missing_verse	GST	022007013
target_verse	mapping	missing_verse	GST	023009001
target_verse	mapping	missing_verse	GST	023009002
target_verse	mapping	missing_verse	GST	023009003
target_verse	mapping	missing_verse	GST	023009004
target_verse	mapping	missing_verse	GST	023009005
target_verse	mapping	missing_verse	GST	023009006
target_verse	mapping	missing_verse	GST	023009007
target_verse	mapping	missing_verse	GST	023009008
target_verse	mapping	missing_verse	GST	023009009
target_verse	mapping	missing_verse	GST	023009010
target_verse	mapping	missing_verse	GST	023009011
target_verse	mapping	missing_verse	GST	023009012
target_verse	mapping	missing_verse	GST	023009013
target_verse	mapping	missing_verse	GST	023009014
target_verse	mapping	missing_verse	GST	023009015
target_verse	mapping	missing_verse	GST	023009016
target_verse	mapping	missing_verse	GST	023009017
target_verse	mapping	missing_verse	GST	023009018
target_verse	mapping	missing_verse	GST	023009019
target_verse	mapping	missing_verse	GST	023009020
target_verse	mapping	missing_verse	GST	023009021
target_verse	mapping	missing_verse	GST	023064002
target_verse	mapping	missing_verse	GST	023064003
target_verse	mapping	missing_verse	GST	023064004
target_verse	mapping	missing_verse	GST	023064005
target_verse	mapping	missing_verse	GST	023064006
target_verse	mapping	missing_verse	GST	023064007
target_verse	mapping	missing_verse	GST	023064008
target_verse	mapping	missing_verse	GST	023064009
target_verse	mapping	missing_verse	GST	023064010
target_verse	mapping	missing_verse	GST	023064011
target_verse	mapping	missing_verse	GST	023064012
target_verse	mapping	missing_verse	GST	024009001
target_verse	mapping	missing_verse	GST	024009002
target_verse	mapping	missing_verse	GST	024009003
target_verse	mapping	missing_verse	GST	024009004
target_verse	mapping	missing_verse	GST	024009005
target_verse	mapping	missing_verse	GST	024009006
target_verse	mapping	missing_verse	GST	024009007
target_verse	mapping	missing_verse	GST	024009008
target_verse	mapping	missing_verse	GST	024009009
target_verse	mapping	missing_verse	GST	024009010
target_verse	mapping	missing_verse	GST	024009011
target_verse	mapping	missing_verse	GST	024009012
target_verse	mapping	missing_verse	GST	024009013
target_verse	mapping	missing_verse	GST	024009014
target_verse	mapping	missing_verse	GST	024009015
target_verse	mapping	missing_verse	GST	024009016
target_verse	mapping	missing_verse	GST	024009017
target_verse	mapping	missing_verse	GST	024009018
target_verse	mapping	missing_verse	GST	024009019
target_verse	mapping	missing_verse	GST	024009020
target_verse	mapping	missing_verse	GST	024009021
target_verse	mapping	missing_verse	GST	024009022
target_verse	mapping	missing_verse	GST	024009023
target_verse	mapping	missing_verse	GST	024009024
target_verse	mapping	missing_verse	GST	024009025
target_verse	mapping	missing_verse	GST	024009026
target_verse	mapping	missing_verse	GST	026020045
target_verse	mapping	missing_verse	GST	026020046
target_verse	mapping	missing_verse	GST	026020047
target_verse	mapping	missing_verse	GST	026020048
target_verse	mapping	missing_verse	GST	026020049
target_verse	mapping	missing_verse	GST	026021001
target_verse	mapping	missing_verse	GST	026021002
target_verse	mapping	missing_verse	GST	026021003
target_verse	mapping	missing_verse	GST	026021004
target_verse	mapping	missing_verse	GST	026021005
target_verse	mapping	missing_verse	GST	026021006
target_verse	mapping	missing_verse	GST	026021007
target_verse	mapping	missing_verse	GST	026021008
target_verse	mapping	missing_verse	GST	026021009
target_verse	mapping	missing_verse	GST	026021010
target_verse	mapping	missing_verse	GST	026021011
target_verse	mapping	missing_verse	GST	026021012
target_verse	mapping	missing_verse	GST	026021013
target_verse	mapping	missing_verse	GST	026021014
target_verse	mapping	missing_verse	GST	026021015
target_verse	mapping	missing_verse	GST	026021016
target_verse	mapping	missing_verse	GST	026021017
target_verse	mapping	missing_verse	GST	026021018
target_verse	mapping	missing_verse	GST	026021019
target_verse	mapping	missing_verse	GST	026021020
target_verse	mapping	missing_verse	GST	026021021
target_verse	mapping	missing_verse	GST	026021022
target_verse	mapping	missing_verse	GST	026021023
target_verse	mapping	missing_verse	GST	026021024
target_verse	mapping	missing_verse	GST	026021025
target_verse	mapping	missing_verse	GST	026021026
target_verse	mapping	missing_verse	GST	026021027
target_verse	mapping	missing_verse	GST	026021028
target_verse	mapping	missing_verse	GST	026021029
target_verse	mapping	missing_verse	GST	026021030
target_verse	mapping	missing_verse	GST	026021031
target_verse	mapping	missing_verse	GST	026021032
target_verse	mapping	missing_verse	GST	027004001
target_verse	mapping	missing_verse	GST	027004002
target_verse	mapping	missing_verse	GST	027004003
target_verse	mapping	missing_verse	GST	027004004
target_verse	mapping	missing_verse	GST	027004005
target_verse	mapping	missing_verse	GST	027004006
target_verse	mapping	missing_verse	GST	027004007
target_verse	mapping	missing_verse	GST	027004008
target_verse	mapping	missing_verse	GST	027004009
target_verse	mapping	missing_verse	GST	027004010
target_verse	mapping	missing_verse	GST	027004011
target_verse	mapping	missing_verse	GST	027004012
target_verse	mapping	missing_verse	GST	027004013
target_verse	mapping	missing_verse	GST	027004014
target_verse	mapping	missing_verse	GST	027004015
target_verse	mapping	missing_verse	GST	027004016
target_verse	mapping	missing_verse	GST	027004017
target_verse	mapping	missing_verse	GST	027004018
target_verse	mapping	missing_verse	GST	027004019
target_verse	mapping	missing_verse	GST	027004020
target_verse	mapping	missing_verse	GST	027004021
target_verse	mapping	missing_verse	GST	027004022
target_verse	mapping	missing_verse	GST	027004023
target_verse	mapping	missing_verse	GST	027004024
target_verse	mapping	missing_verse	GST	027004025
target_verse	mapping	missing_verse	GST	027004026
target_verse	mapping	missing_verse	GST	027004027
target_verse	mapping	missing_verse	GST	027004028
target_verse	mapping	missing_verse	GST	027004029
target_verse	mapping	missing_verse	GST	027004030
target_verse	mapping	missing_verse	GST	027004031
target_verse	mapping	missing_verse	GST	027004032
target_verse	mapping	missing_verse	GST	027004033
target_verse	mapping	missing_verse	GST	027004034
target_verse	mapping	missing_verse	GST	027004035
target_verse	mapping	missing_verse	GST	027004036
target_verse	mapping	missing_verse	GST	027004037
target_verse	mapping	missing_verse	GST	027005031
target_verse	mapping	missing_verse	GST	027006001
target_verse	mapping	missing_verse	GST	027006002
target_verse	mapping	missing_verse	GST	027006003
target_verse	mapping	missing_verse	GST	027006004
target_verse	mapping	missing_verse	GST	027006005
target_verse	mapping	missing_verse	GST	027006006
target_verse	mapping	missing_verse	GST	027006007
target_verse	mapping	missing_verse	GST	027006008
target_verse	mapping	missing_verse	GST	027006009
target_verse	mapping	missing_verse	GST	027006010
target_verse	mapping	missing_verse	GST	027006011
target_verse	mapping	missing_verse	GST	027006012
target_verse	mapping	missing_verse	GST	027006013
target_verse	mapping	missing_verse	GST	027006014
target_verse	mapping	missing_verse	GST	027006015
target_verse	mapping	missing_verse	GST	027006016
target_verse	mapping	missing_verse	GST	027006017
target_verse	mapping	missing_verse	GST	027006018
target_verse	mapping	missing_verse	GST	027006019
target_verse	mapping	missing_verse	GST	027006020
target_verse	mapping	missing_verse	GST	027006021
target_verse	mapping	missing_verse	GST	027006022
target_verse	mapping	missing_verse	GST	027006023
target_verse	mapping	missing_verse	GST	027006024
target_verse	mapping	missing_verse	GST	027006025
target_verse	mapping	missing_verse	GST	027006026
target_verse	mapping	missing_verse	GST	027006027
target_verse	mapping	missing_verse	GST	027006028
target_verse	mapping	missing_verse	GST	028001010
target_verse	mapping	missing_verse	GST	028001011
target_verse	mapping	missing_verse	GST	028002001
target_verse	mapping	missing_verse	GST	028002002
target_verse	mapping	missing_verse	GST	028002003
target_verse	mapping	missing_verse	GST	028002004
target_verse	mapping	missing_verse	GST	028002005
target_verse	mapping	missing_verse	GST	028002006
target_verse	mapping	missing_verse	GST	028002007
target_verse	mapping	missing_verse	GST	028002008
target_verse	mapping	missing_verse	GST	028002009
target_verse	mapping	missing_verse	GST	028002010
target_verse	mapping	missing_verse	GST	028002011
target_verse	mapping	missing_verse	GST	028002012
target_verse	mapping	missing_verse	GST	028002013
target_verse	mapping	missing_verse	GST	028002014
target_verse	mapping	missing_verse	GST	028002015
target_verse	mapping	missing_verse	GST	028002016
target_verse	mapping	missing_verse	GST	028002017
target_verse	mapping	missing_verse	GST	028002018
target_verse	mapping	missing_verse	GST	028002019
target_verse	mapping	missing_verse	GST	028002020
target_verse	mapping	missing_verse	GST	028002021
target_verse	mapping	missing_verse	GST	028002022
target_verse	mapping	missing_verse	GST	028002023
target_verse	mapping	missing_verse	GST	028011012
target_verse	mapping	missing_verse	GST	028012001
target_verse	mapping	missing_verse	GST	028012002
target_verse	mapping	missing_verse	GST	028012003
target_verse	mapping	missing_verse	GST	028012004
target_verse	mapping	missing_verse	GST	028012005
target_verse	mapping	missing_verse	GST	028012006
target_verse	mapping	missing_verse	GST	028012007
target_verse	mapping	missing_verse	GST	028012008
target_verse	mapping	missing_verse	GST	028012009
target_verse	mapping	missing_verse	GST	028012010
target_verse	mapping	missing_verse	GST	028012011
target_verse	mapping	missing_verse	GST	028012012
target_verse	mapping	missing_verse	GST	028012013
target_verse	mapping	missing_verse	GST	028012014
target_verse	mapping	missing_verse	GST	028013016
target_verse	mapping	missing_verse	GST	028014001
target_verse	mapping	missing_verse	GST	028014002
target_verse	mapping	missing_verse	GST	028014003
target_verse	mapping	missing_verse	GST	028014004
target_verse	mapping	missing_verse	GST	028014005
target_verse	mapping	missing_verse	GST	028014006
target_verse	mapping	missing_verse	GST	028014007
target_verse	mapping	missing_verse	GST	028014008
target_verse	mapping	missing_verse	GST	028014009
target_verse	mapping	missing_verse	GST	029002028
target_verse	mapping	missing_verse	GST	029002029
target_verse	mapping	missing_verse	GST	029002030
target_verse	mapping	missing_verse	GST	029002031
target_verse	mapping	missing_verse	GST	029002032
target_verse	mapping	missing_verse	GST	029003001
target_verse	mapping	missing_verse	GST	029003002
target_verse	mapping	missing_verse	GST	029003003
target_verse	mapping	missing_verse	GST	029003004
target_verse	mapping	missing_verse	GST	029003005
target_verse	mapping	missing_verse	GST	029003006
target_verse	mapping	missing_verse	GST	029003007
target_verse	mapping	missing_verse	GST	029003008
target_verse	mapping	missing_verse	GST	029003009
target_verse	mapping	missing_verse	GST	029003010
target_verse	mapping	missing_verse	GST	029003011
target_verse	mapping	missing_verse	GST	029003012
target_verse	mapping	missing_verse	GST	029003013
target_verse	mapping	missing_verse	GST	029003014
target_verse	mapping	missing_verse	GST	029003015
target_verse	mapping	missing_verse	GST	029003016
target_verse	mapping	missing_verse	GST	029003017
target_verse	mapping	missing_verse	GST	029003018
target_verse	mapping	missing_verse	GST	029003019
target_verse	mapping	missing_verse	GST	029003020
target_verse	mapping	missing_verse	GST	029003021
target_verse	mapping	missing_verse	GST	033005001
target_verse	mapping	missing_verse	GST	033005002
target_verse	mapping	missing_verse	GST	033005003
target_verse	mapping	missing_verse	GST	033005004
target_verse	mapping	missing_verse	GST	033005005
target_verse	mapping	missing_verse	GST	033005006
target_verse	mapping	missing_verse	GST	033005007
target_verse	mapping	missing_verse	GST	033005008
target_verse	mapping	missing_verse	GST	033005009
target_verse	mapping	missing_verse	GST	033005010
target_verse	mapping	missing_verse	GST	033005011
target_verse	mapping	missing_verse	GST	033005012
target_verse	mapping	missing_verse	GST	033005013
target_verse	mapping	missing_verse	GST	033005014
target_verse	mapping	missing_verse	GST	033005015
target_verse	mapping	missing_verse	GST	034001015
target_verse	mapping	missing_verse	GST	034002001
target_verse	mapping	missing_verse	GST	034002002
target_verse	mapping	missing_verse	GST	034002003
target_verse	mapping	missing_verse	GST	034002004
target_verse	mapping	missing_verse	GST	034002005
target_verse	mapping	missing_verse	GST	034002006
target_verse	mapping	missing_verse	GST	034002007
target_verse	mapping	missing_verse	GST	034002008
target_verse	mapping	missing_verse	GST	034002009
target_verse	mapping	missing_verse	GST	034002010
target_verse	mapping	missing_verse	GST	034002011
target_verse	mapping	missing_verse	GST	034002012
target_verse	mapping	missing_verse	GST	034002013
target_verse	mapping	missing_verse	GST	038001018
target_verse	mapping	missing_verse	GST	038001019
target_verse	mapping	missing_verse	GST	038001020
target_verse	mapping	missing_verse	GST	038001021
target_verse	mapping	missing_verse	GST	038002001
target_verse	mapping	missing_verse	GST	038002002
target_verse	mapping	missing_verse	GST	038002003
target_verse	mapping	missing_verse	GST	038002004
target_verse	mapping	missing_verse	GST	038002005
target_verse	mapping	missing_verse	GST	038002006
target_verse	mapping	missing_verse	GST	038002007
target_verse	mapping	missing_verse	GST	038002008
target_verse	mapping	missing_verse	GST	038002009
target_verse	mapping	missing_verse	GST	038002010
target_verse	mapping	missing_verse	GST	038002011
target_verse	mapping	missing_verse	GST	038002012
target_verse	mapping	missing_verse	GST	038002013
target_verse	mapping	missing_verse	GST	039004001
target_verse	mapping	missing_verse	GST	039004002
target_verse	mapping	missing_verse	GST	039004003
target_verse	mapping	missing_verse	GST	039004004
target_verse	mapping	missing_verse	GST	039004005
target_verse	mapping	missing_verse	GST	039004006
target_verse	mapping	missing_verse	GST	044019040
target_verse	mapping	missing_verse	GST	044019041
