source_verse	mapping	missing_verse	OHCV	021004017
source_verse	mapping	missing_verse	OHCV	021005001
source_verse	mapping	missing_verse	OHCV	021005002
source_verse	mapping	missing_verse	OHCV	021005003
source_verse	mapping	missing_verse	OHCV	021005004
source_verse	mapping	missing_verse	OHCV	021005005
source_verse	mapping	missing_verse	OHCV	021005006
source_verse	mapping	missing_verse	OHCV	021005007
source_verse	mapping	missing_verse	OHCV	021005008
source_verse	mapping	missing_verse	OHCV	021005009
source_verse	mapping	missing_verse	OHCV	021005010
source_verse	mapping	missing_verse	OHCV	021005011
source_verse	mapping	missing_verse	OHCV	021005012
source_verse	mapping	missing_verse	OHCV	021005013
source_verse	mapping	missing_verse	OHCV	021005014
source_verse	mapping	missing_verse	OHCV	021005015
source_verse	mapping	missing_verse	OHCV	021005016
source_verse	mapping	missing_verse	OHCV	021005017
source_verse	mapping	missing_verse	OHCV	021005018
source_verse	mapping	missing_verse	OHCV	021005019
source_verse	mapping	missing_verse	OHCV	022007001
source_verse	mapping	missing_verse	OHCV	022007002
source_verse	mapping	missing_verse	OHCV	022007003
source_verse	mapping	missing_verse	OHCV	022007004
source_verse	mapping	missing_verse	OHCV	022007005
source_verse	mapping	missing_verse	OHCV	022007006
source_verse	mapping	missing_verse	OHCV	022007007
source_verse	mapping	missing_verse	OHCV	022007008
source_verse	mapping	missing_verse	OHCV	022007009
source_verse	mapping	missing_verse	OHCV	022007010
source_verse	mapping	missing_verse	OHCV	022007011
source_verse	mapping	missing_verse	OHCV	022007012
source_verse	mapping	missing_verse	OHCV	022007013
source_verse	mapping	missing_verse	OHCV	022007014
source_verse	mapping	missing_verse	OHCV	023008023
source_verse	mapping	missing_verse	OHCV	023009001
source_verse	mapping	missing_verse	OHCV	023009002
source_verse	mapping	missing_verse	OHCV	023009003
source_verse	mapping	missing_verse	OHCV	023009004
source_verse	mapping	missing_verse	OHCV	023009005
source_verse	mapping	missing_verse	OHCV	023009006
source_verse	mapping	missing_verse	OHCV	023009007
source_verse	mapping	missing_verse	OHCV	023009008
source_verse	mapping	missing_verse	OHCV	023009009
source_verse	mapping	missing_verse	OHCV	023009010
source_verse	mapping	missing_verse	OHCV	023009011
source_verse	mapping	missing_verse	OHCV	023009012
source_verse	mapping	missing_verse	OHCV	023009013
source_verse	mapping	missing_verse	OHCV	023009014
source_verse	mapping	missing_verse	OHCV	023009015
source_verse	mapping	missing_verse	OHCV	023009016
source_verse	mapping	missing_verse	OHCV	023009017
source_verse	mapping	missing_verse	OHCV	023009018
source_verse	mapping	missing_verse	OHCV	023009019
source_verse	mapping	missing_verse	OHCV	023009020
source_verse	mapping	missing_verse	OHCV	023064001
source_verse	mapping	missing_verse	OHCV	023064002
source_verse	mapping	missing_verse	OHCV	023064003
source_verse	mapping	missing_verse	OHCV	023064004
source_verse	mapping	missing_verse	OHCV	023064005
source_verse	mapping	missing_verse	OHCV	023064006
source_verse	mapping	missing_verse	OHCV	023064007
source_verse	mapping	missing_verse	OHCV	023064008
source_verse	mapping	missing_verse	OHCV	023064009
source_verse	mapping	missing_verse	OHCV	023064010
source_verse	mapping	missing_verse	OHCV	023064011
source_verse	mapping	missing_verse	OHCV	024008023
source_verse	mapping	missing_verse	OHCV	024009001
source_verse	mapping	missing_verse	OHCV	024009002
source_verse	mapping	missing_verse	OHCV	024009003
source_verse	mapping	missing_verse	OHCV	024009004
source_verse	mapping	missing_verse	OHCV	024009005
source_verse	mapping	missing_verse	OHCV	024009006
source_verse	mapping	missing_verse	OHCV	024009007
source_verse	mapping	missing_verse	OHCV	024009008
source_verse	mapping	missing_verse	OHCV	024009009
source_verse	mapping	missing_verse	OHCV	024009010
source_verse	mapping	missing_verse	OHCV	024009011
source_verse	mapping	missing_verse	OHCV	024009012
source_verse	mapping	missing_verse	OHCV	024009013
source_verse	mapping	missing_verse	OHCV	024009014
source_verse	mapping	missing_verse	OHCV	024009015
source_verse	mapping	missing_verse	OHCV	024009016
source_verse	mapping	missing_verse	OHCV	024009017
source_verse	mapping	missing_verse	OHCV	024009018
source_verse	mapping	missing_verse	OHCV	024009019
source_verse	mapping	missing_verse	OHCV	024009020
source_verse	mapping	missing_verse	OHCV	024009021
source_verse	mapping	missing_verse	OHCV	024009022
source_verse	mapping	missing_verse	OHCV	024009023
source_verse	mapping	missing_verse	OHCV	024009024
source_verse	mapping	missing_verse	OHCV	024009025
source_verse	mapping	missing_verse	OHCV	026021001
source_verse	mapping	missing_verse	OHCV	026021002
source_verse	mapping	missing_verse	OHCV	026021003
source_verse	mapping	missing_verse	OHCV	026021004
source_verse	mapping	missing_verse	OHCV	026021005
source_verse	mapping	missing_verse	OHCV	026021006
source_verse	mapping	missing_verse	OHCV	026021007
source_verse	mapping	missing_verse	OHCV	026021008
source_verse	mapping	missing_verse	OHCV	026021009
source_verse	mapping	missing_verse	OHCV	026021010
source_verse	mapping	missing_verse	OHCV	026021011
source_verse	mapping	missing_verse	OHCV	026021012
source_verse	mapping	missing_verse	OHCV	026021013
source_verse	mapping	missing_verse	OHCV	026021014
source_verse	mapping	missing_verse	OHCV	026021015
source_verse	mapping	missing_verse	OHCV	026021016
source_verse	mapping	missing_verse	OHCV	026021017
source_verse	mapping	missing_verse	OHCV	026021018
source_verse	mapping	missing_verse	OHCV	026021019
source_verse	mapping	missing_verse	OHCV	026021020
source_verse	mapping	missing_verse	OHCV	026021021
source_verse	mapping	missing_verse	OHCV	026021022
source_verse	mapping	missing_verse	OHCV	026021023
source_verse	mapping	missing_verse	OHCV	026021024
source_verse	mapping	missing_verse	OHCV	026021025
source_verse	mapping	missing_verse	OHCV	026021026
source_verse	mapping	missing_verse	OHCV	026021027
source_verse	mapping	missing_verse	OHCV	026021028
source_verse	mapping	missing_verse	OHCV	026021029
source_verse	mapping	missing_verse	OHCV	026021030
source_verse	mapping	missing_verse	OHCV	026021031
source_verse	mapping	missing_verse	OHCV	026021032
source_verse	mapping	missing_verse	OHCV	026021033
source_verse	mapping	missing_verse	OHCV	026021034
source_verse	mapping	missing_verse	OHCV	026021035
source_verse	mapping	missing_verse	OHCV	026021036
source_verse	mapping	missing_verse	OHCV	026021037
source_verse	mapping	missing_verse	OHCV	027003031
source_verse	mapping	missing_verse	OHCV	027003032
source_verse	mapping	missing_verse	OHCV	027003033
source_verse	mapping	missing_verse	OHCV	027004001
source_verse	mapping	missing_verse	OHCV	027004002
source_verse	mapping	missing_verse	OHCV	027004003
source_verse	mapping	missing_verse	OHCV	027004004
source_verse	mapping	missing_verse	OHCV	027004005
source_verse	mapping	missing_verse	OHCV	027004006
source_verse	mapping	missing_verse	OHCV	027004007
source_verse	mapping	missing_verse	OHCV	027004008
source_verse	mapping	missing_verse	OHCV	027004009
source_verse	mapping	missing_verse	OHCV	027004010
source_verse	mapping	missing_verse	OHCV	027004011
source_verse	mapping	missing_verse	OHCV	027004012
source_verse	mapping	missing_verse	OHCV	027004013
source_verse	mapping	missing_verse	OHCV	027004014
source_verse	mapping	missing_verse	OHCV	027004015
source_verse	mapping	missing_verse	OHCV	027004016
source_verse	mapping	missing_verse	OHCV	027004017
source_verse	mapping	missing_verse	OHCV	027004018
source_verse	mapping	missing_verse	OHCV	027004019
source_verse	mapping	missing_verse	OHCV	027004020
source_verse	mapping	missing_verse	OHCV	027004021
source_verse	mapping	missing_verse	OHCV	027004022
source_verse	mapping	missing_verse	OHCV	027004023
source_verse	mapping	missing_verse	OHCV	027004024
source_verse	mapping	missing_verse	OHCV	027004025
source_verse	mapping	missing_verse	OHCV	027004026
source_verse	mapping	missing_verse	OHCV	027004027
source_verse	mapping	missing_verse	OHCV	027004028
source_verse	mapping	missing_verse	OHCV	027004029
source_verse	mapping	missing_verse	OHCV	027004030
source_verse	mapping	missing_verse	OHCV	027004031
source_verse	mapping	missing_verse	OHCV	027004032
source_verse	mapping	missing_verse	OHCV	027004033
source_verse	mapping	missing_verse	OHCV	027004034
source_verse	mapping	missing_verse	OHCV	027006001
source_verse	mapping	missing_verse	OHCV	027006002
source_verse	mapping	missing_verse	OHCV	027006003
source_verse	mapping	missing_verse	OHCV	027006004
source_verse	mapping	missing_verse	OHCV	027006005
source_verse	mapping	missing_verse	OHCV	027006006
source_verse	mapping	missing_verse	OHCV	027006007
source_verse	mapping	missing_verse	OHCV	027006008
source_verse	mapping	missing_verse	OHCV	027006009
source_verse	mapping	missing_verse	OHCV	027006010
source_verse	mapping	missing_verse	OHCV	027006011
source_verse	mapping	missing_verse	OHCV	027006012
source_verse	mapping	missing_verse	OHCV	027006013
source_verse	mapping	missing_verse	OHCV	027006014
source_verse	mapping	missing_verse	OHCV	027006015
source_verse	mapping	missing_verse	OHCV	027006016
source_verse	mapping	missing_verse	OHCV	027006017
source_verse	mapping	missing_verse	OHCV	027006018
source_verse	mapping	missing_verse	OHCV	027006019
source_verse	mapping	missing_verse	OHCV	027006020
source_verse	mapping	missing_verse	OHCV	027006021
source_verse	mapping	missing_verse	OHCV	027006022
source_verse	mapping	missing_verse	OHCV	027006023
source_verse	mapping	missing_verse	OHCV	027006024
source_verse	mapping	missing_verse	OHCV	027006025
source_verse	mapping	missing_verse	OHCV	027006026
source_verse	mapping	missing_verse	OHCV	027006027
source_verse	mapping	missing_verse	OHCV	027006028
source_verse	mapping	missing_verse	OHCV	027006029
source_verse	mapping	missing_verse	OHCV	028002001
source_verse	mapping	missing_verse	OHCV	028002002
source_verse	mapping	missing_verse	OHCV	028002003
source_verse	mapping	missing_verse	OHCV	028002004
source_verse	mapping	missing_verse	OHCV	028002005
source_verse	mapping	missing_verse	OHCV	028002006
source_verse	mapping	missing_verse	OHCV	028002007
source_verse	mapping	missing_verse	OHCV	028002008
source_verse	mapping	missing_verse	OHCV	028002009
source_verse	mapping	missing_verse	OHCV	028002010
source_verse	mapping	missing_verse	OHCV	028002011
source_verse	mapping	missing_verse	OHCV	028002012
source_verse	mapping	missing_verse	OHCV	028002013
source_verse	mapping	missing_verse	OHCV	028002014
source_verse	mapping	missing_verse	OHCV	028002015
source_verse	mapping	missing_verse	OHCV	028002016
source_verse	mapping	missing_verse	OHCV	028002017
source_verse	mapping	missing_verse	OHCV	028002018
source_verse	mapping	missing_verse	OHCV	028002019
source_verse	mapping	missing_verse	OHCV	028002020
source_verse	mapping	missing_verse	OHCV	028002021
source_verse	mapping	missing_verse	OHCV	028002022
source_verse	mapping	missing_verse	OHCV	028002023
source_verse	mapping	missing_verse	OHCV	028002024
source_verse	mapping	missing_verse	OHCV	028002025
source_verse	mapping	missing_verse	OHCV	028012001
source_verse	mapping	missing_verse	OHCV	028012002
source_verse	mapping	missing_verse	OHCV	028012003
source_verse	mapping	missing_verse	OHCV	028012004
source_verse	mapping	missing_verse	OHCV	028012005
source_verse	mapping	missing_verse	OHCV	028012006
source_verse	mapping	missing_verse	OHCV	028012007
source_verse	mapping	missing_verse	OHCV	028012008
source_verse	mapping	missing_verse	OHCV	028012009
source_verse	mapping	missing_verse	OHCV	028012010
source_verse	mapping	missing_verse	OHCV	028012011
source_verse	mapping	missing_verse	OHCV	028012012
source_verse	mapping	missing_verse	OHCV	028012013
source_verse	mapping	missing_verse	OHCV	028012014
source_verse	mapping	missing_verse	OHCV	028012015
source_verse	mapping	missing_verse	OHCV	028014001
source_verse	mapping	missing_verse	OHCV	028014002
source_verse	mapping	missing_verse	OHCV	028014003
source_verse	mapping	missing_verse	OHCV	028014004
source_verse	mapping	missing_verse	OHCV	028014005
source_verse	mapping	missing_verse	OHCV	028014006
source_verse	mapping	missing_verse	OHCV	028014007
source_verse	mapping	missing_verse	OHCV	028014008
source_verse	mapping	missing_verse	OHCV	028014009
source_verse	mapping	missing_verse	OHCV	028014010
source_verse	mapping	missing_verse	OHCV	029003001
source_verse	mapping	missing_verse	OHCV	029003002
source_verse	mapping	missing_verse	OHCV	029003003
source_verse	mapping	missing_verse	OHCV	029003004
source_verse	mapping	missing_verse	OHCV	029003005
source_verse	mapping	missing_verse	OHCV	029004001
source_verse	mapping	missing_verse	OHCV	029004002
source_verse	mapping	missing_verse	OHCV	029004003
source_verse	mapping	missing_verse	OHCV	029004004
source_verse	mapping	missing_verse	OHCV	029004005
source_verse	mapping	missing_verse	OHCV	029004006
source_verse	mapping	missing_verse	OHCV	029004007
source_verse	mapping	missing_verse	OHCV	029004008
source_verse	mapping	missing_verse	OHCV	029004009
source_verse	mapping	missing_verse	OHCV	029004010
source_verse	mapping	missing_verse	OHCV	029004011
source_verse	mapping	missing_verse	OHCV	029004012
source_verse	mapping	missing_verse	OHCV	029004013
source_verse	mapping	missing_verse	OHCV	029004014
source_verse	mapping	missing_verse	OHCV	029004015
source_verse	mapping	missing_verse	OHCV	029004016
source_verse	mapping	missing_verse	OHCV	029004017
source_verse	mapping	missing_verse	OHCV	029004018
source_verse	mapping	missing_verse	OHCV	029004019
source_verse	mapping	missing_verse	OHCV	029004020
source_verse	mapping	missing_verse	OHCV	029004021
source_verse	mapping	missing_verse	OHCV	032002001
source_verse	mapping	missing_verse	OHCV	032002002
source_verse	mapping	missing_verse	OHCV	032002003
source_verse	mapping	missing_verse	OHCV	032002004
source_verse	mapping	missing_verse	OHCV	032002005
source_verse	mapping	missing_verse	OHCV	032002006
source_verse	mapping	missing_verse	OHCV	032002007
source_verse	mapping	missing_verse	OHCV	032002008
source_verse	mapping	missing_verse	OHCV	032002009
source_verse	mapping	missing_verse	OHCV	032002010
source_verse	mapping	missing_verse	OHCV	032002011
source_verse	mapping	missing_verse	OHCV	033004014
source_verse	mapping	missing_verse	OHCV	033005001
source_verse	mapping	missing_verse	OHCV	033005002
source_verse	mapping	missing_verse	OHCV	033005003
source_verse	mapping	missing_verse	OHCV	033005004
source_verse	mapping	missing_verse	OHCV	033005005
source_verse	mapping	missing_verse	OHCV	033005006
source_verse	mapping	missing_verse	OHCV	033005007
source_verse	mapping	missing_verse	OHCV	033005008
source_verse	mapping	missing_verse	OHCV	033005009
source_verse	mapping	missing_verse	OHCV	033005010
source_verse	mapping	missing_verse	OHCV	033005011
source_verse	mapping	missing_verse	OHCV	033005012
source_verse	mapping	missing_verse	OHCV	033005013
source_verse	mapping	missing_verse	OHCV	033005014
source_verse	mapping	missing_verse	OHCV	034002001
source_verse	mapping	missing_verse	OHCV	034002002
source_verse	mapping	missing_verse	OHCV	034002003
source_verse	mapping	missing_verse	OHCV	034002004
source_verse	mapping	missing_verse	OHCV	034002005
source_verse	mapping	missing_verse	OHCV	034002006
source_verse	mapping	missing_verse	OHCV	034002007
source_verse	mapping	missing_verse	OHCV	034002008
source_verse	mapping	missing_verse	OHCV	034002009
source_verse	mapping	missing_verse	OHCV	034002010
source_verse	mapping	missing_verse	OHCV	034002011
source_verse	mapping	missing_verse	OHCV	034002012
source_verse	mapping	missing_verse	OHCV	034002013
source_verse	mapping	missing_verse	OHCV	034002014
source_verse	mapping	missing_verse	OHCV	038002001
source_verse	mapping	missing_verse	OHCV	038002002
source_verse	mapping	missing_verse	OHCV	038002003
source_verse	mapping	missing_verse	OHCV	038002004
source_verse	mapping	missing_verse	OHCV	038002005
source_verse	mapping	missing_verse	OHCV	038002006
source_verse	mapping	missing_verse	OHCV	038002007
source_verse	mapping	missing_verse	OHCV	038002008
source_verse	mapping	missing_verse	OHCV	038002009
source_verse	mapping	missing_verse	OHCV	038002010
source_verse	mapping	missing_verse	OHCV	038002011
source_verse	mapping	missing_verse	OHCV	038002012
source_verse	mapping	missing_verse	OHCV	038002013
source_verse	mapping	missing_verse	OHCV	038002014
source_verse	mapping	missing_verse	OHCV	038002015
source_verse	mapping	missing_verse	OHCV	038002016
source_verse	mapping	missing_verse	OHCV	038002017
source_verse	mapping	missing_verse	OHCV	039003019
source_verse	mapping	missing_verse	OHCV	039003020
source_verse	mapping	missing_verse	OHCV	039003021
source_verse	mapping	missing_verse	OHCV	039003022
source_verse	mapping	missing_verse	OHCV	039003023
source_verse	mapping	missing_verse	OHCV	039003024
source_verse	mapping	missing_verse	OHCV	044019040
source_verse	mapping	missing_verse	OHCV	044019040
source_verse	mapping	missing_verse	OHCV	047013012
source_verse	mapping	missing_verse	OHCV	047013013
source_verse	mapping	missing_verse	OHCV	066013001
